Scenario;Replication;OrderFillRate;AvarageLeadTime;AvarageQInStock;NumberBackOrdered;Costs;OrdersS1;OrdersS2;OrdersS3;FailedRawOrder1;FailedRawOrder2;FailedRawOrder3
Scenario1;1;97,7941176470588;177,697300152742;539,296226464897;1,06243994848753;450000;25;25;0;0;2;0
Scenario1;2;84,8275862068966;210,739654623413;472,226140730965;18,177935163169;486000;27;27;0;1;1;0
Scenario1;3;94,53125;169,113305189755;501,930830371425;1,11649138675632;414000;23;23;0;0;0;0
Scenario1;4;95,8677685950413;173,56937543955;520,838994112795;2,16351446579097;396000;22;22;0;0;1;0
Scenario1;5;92,5373134328358;207,473590346117;479,193045014197;8,27620798924733;440000;25;25;0;0;0;0
Scenario1;6;96,8253968253968;180,223932264036;543,84731056363;1,68302271595664;414000;23;23;0;0;3;0
Scenario1;7;97,1830985915493;164,550965005034;545,382053400801;0,769439827061024;450000;26;26;0;0;0;0
Scenario1;8;88,6524822695035;182,8926191311;503,142640431307;5,27164695004001;468000;26;26;0;0;0;0
Scenario1;9;93,6;198,797952547801;483,967321128965;7,6110004913867;414000;23;23;0;0;3;0
Scenario1;10;97,4842767295598;166,558937604239;520,3106040691;0,688824612458762;530000;30;30;0;4;4;0
Scenario1;11;91,2;191,326653623318;540,431733999536;3,96071229421223;396000;23;23;0;0;4;0
Scenario1;12;93,75;224,532280103113;471,152355874443;4,2417834088157;378000;21;21;0;0;0;0
Scenario1;13;97,1153846153846;171,492142019896;539,028703557616;0,743468726705494;342000;19;19;0;2;2;0
Scenario1;14;90,1639344262295;205,049970985642;494,040274134333;7,59328742564393;396000;22;22;0;0;1;0
Scenario1;15;92,8571428571429;165,797178661427;507,34210608767;3,19447231737217;468000;26;26;0;0;0;0
Scenario1;16;94,6564885496183;177,144408851031;496,640550223145;1,55570950058363;432000;24;24;0;0;1;0
Scenario1;17;94,2446043165468;175,275066437321;524,249332955906;2,98288711160132;468000;26;26;0;3;4;0
Scenario1;18;91,6666666666667;183,023546996668;560,654188225107;3,28860061378518;396000;22;22;0;1;0;0
Scenario1;19;92,156862745098;174,361968387609;503,188518888925;4,15593137695081;504000;28;28;0;2;2;0
Scenario1;20;91,9117647058823;174,714083179848;489,57191361786;4,77701989145254;450000;25;25;0;0;2;0
Scenario1;21;84,9557522123894;191,920773480118;470,268913053578;15,7252511558322;378000;21;21;0;0;1;0
Scenario1;22;96,9230769230769;171,708643381406;578,825323130438;0,990113369073268;432000;24;24;0;1;0;0
Scenario1;23;91,8032786885246;187,084675325645;513,155059130181;4,2444072326705;396000;22;22;0;0;3;0
Scenario1;24;89,622641509434;182,859468800744;540,109566257305;7,52792340676877;360000;20;20;0;2;0;0
Scenario1;25;93,7007874015748;168,204261376704;491,526594779349;2,15685974254093;414000;23;23;0;0;3;0
Scenario1;26;92,1875;167,315184210096;514,627696466876;2,15936589443539;414000;23;23;0;0;3;0
Scenario1;27;94,6969696969697;172,039886837923;532,701419625865;2,5742744479322;432000;24;24;0;0;11;0
Scenario1;28;90,8450704225352;192,267398429749;485,719248342152;7,82565246888301;468000;26;26;0;0;0;0
Scenario1;29;89,2307692307692;193,026284022528;493,650683080631;10,3943273425348;414000;23;23;0;0;1;0
Scenario1;30;91,4529914529915;174,78395858773;489,287252319286;2,51013370294244;386000;22;22;0;0;2;0
Scenario1;31;90,3703703703704;188,276793710771;521,368940905158;6,87360012278726;432000;25;25;0;0;0;0
Scenario1;32;97,0588235294118;170,499776382805;531,909201917072;1,01908580726164;450000;25;25;0;0;1;0
Scenario1;33;92,6470588235294;171,443454945765;519,808138110765;1,80199861778174;440000;25;25;0;0;0;0
Scenario1;34;97,3451327433628;164,178337642627;523,562687418166;0,379173846397055;378000;21;21;0;1;2;0
Scenario1;35;92,5925925925926;205,092483377653;494,879241005111;7,40175236070344;450000;25;25;0;1;4;0
Scenario1;36;94,0677966101695;180,749431781585;518,338955481523;1,95774397972097;378000;21;21;0;0;0;0
Scenario1;37;96,875;173,528452748896;554,965323854229;1,4756990726225;414000;23;23;0;3;0;0
Scenario1;38;91,9354838709677;188,597271331816;514,111043759119;3,63737810127471;414000;23;23;0;2;4;0
Scenario1;39;94,2857142857143;176,009040410889;530,10978560525;2,2807562530615;450000;25;25;0;0;3;0
Scenario1;40;91,0958904109589;187,981604441816;491,585199988748;9,7794072550319;486000;27;27;0;3;2;0
Scenario1;41;91,8518518518518;171,015239026525;549,062720021313;3,28549955382642;450000;25;25;0;0;3;0
Scenario1;42;95,5752212389381;201,653059125128;535,842984897438;1,17415775108401;378000;21;21;0;0;0;0
Scenario1;43;93,4959349593496;179,16626458125;508,862665121575;2,84406876952703;396000;22;22;0;1;5;0
Scenario1;44;96,2121212121212;175,745178619667;533,61775564629;2,58257192316466;432000;24;24;0;0;1;0
Scenario1;45;89,4366197183099;184,028069156566;555,436215375269;9,25200928855034;486000;27;27;0;1;4;0
Scenario1;46;90,0826446280992;202,277715575787;470,307392636581;4,0106260279103;396000;22;22;0;0;1;0
Scenario1;47;91,40625;178,115024751181;517,468668353287;3,13155675001109;414000;23;23;0;1;1;0
Scenario1;48;86,4;212,29601434383;455,438715096348;16,5764822744791;414000;23;23;0;1;3;0
Scenario1;49;94,2446043165468;190,132685079242;459,889695676592;2,15612207005713;450000;25;25;0;0;3;0
Scenario1;50;96,6216216216216;178,758089237353;455,017064010769;1,53450762091756;486000;27;27;0;1;1;0
Scenario1;51;81,3432835820896;194,231119410168;449,95981818215;17,3586220913829;432000;24;24;0;1;4;0
Scenario1;52;96,6942148760331;184,372978328439;540,875033160313;1,46719719550699;396000;22;22;0;0;0;0
Scenario1;53;93,4579439252336;160,485094767609;537,169316863427;2,52742523105053;342000;20;20;0;1;0;0
Scenario1;54;93,75;191,531170264009;476,431912751912;3,27573449435357;414000;23;23;0;0;3;0
Scenario1;55;96,8992248062015;170,528474660017;524,780218966986;1,13337993795539;414000;23;23;0;0;0;0
Scenario1;56;94,3262411347518;164,215733783059;507,837590429508;1,93182308063568;468000;26;26;0;0;5;0
Scenario1;57;95,1388888888889;187,799394431237;496,586178676952;2,83627796987561;486000;27;27;0;0;2;0
Scenario1;58;92,2535211267606;180,934214980722;491,798765562894;4,4603652513799;468000;26;26;0;0;0;0
Scenario1;59;85,6115107913669;188,225991745706;502,727384767279;9,09207924475734;450000;26;26;0;1;2;0
Scenario1;60;92,1428571428571;182,870313675073;526,886882354464;4,72195798398513;432000;25;25;0;0;0;0
Scenario1;61;91,6083916083916;190,524027340313;485,408836979367;5,17093910795859;468000;26;26;0;0;2;0
Scenario1;62;97,8260869565217;177,401406013311;555,162781590774;0,698483873588637;450000;26;26;0;0;2;0
Scenario1;63;94,9152542372881;181,826443002367;548,541222613937;1,99862405636546;396000;22;22;0;0;2;0
Scenario1;64;95,9016393442623;190,021978329436;499,587746423837;5,46624991202684;396000;22;22;0;0;0;0
Scenario1;65;87,0229007633588;182,27597525457;475,199933256687;4,80851340621715;432000;24;24;0;0;1;0
Scenario1;66;89,261744966443;187,079488629077;448,769831512711;8,9874929453735;486000;27;27;0;0;0;0
Scenario1;67;91,7355371900827;168,839743087532;493,775142221361;3,45757319480869;406000;23;23;0;0;4;0
Scenario1;68;91,0714285714286;185,763278628793;571,99505407119;5,8267250512035;378000;21;21;0;1;1;0
Scenario1;69;90,5982905982906;186,875098619867;500,968116079207;9,23104454480965;386000;22;22;0;0;0;0
Scenario1;70;95,3846153846154;172,523532770952;507,390739191331;1,50001732651505;432000;24;24;0;2;5;0
Scenario1;71;93,0555555555556;163,772792179795;522,597193693915;4,02360232395929;476000;27;27;0;1;3;0
Scenario1;72;98,2300884955752;178,75962975238;558,105565809938;0,0441407484439616;378000;21;21;0;1;0;0
Scenario1;73;97,3451327433628;175,748432446339;495,043574415582;0,964591877924091;360000;20;20;0;3;2;0
Scenario1;74;90,9090909090909;182,255610149954;553,46758006739;5,26517728973773;360000;20;20;0;0;0;0
Scenario1;75;97,5;165,540830690897;566,787786293838;0,445510467216827;396000;22;22;0;0;0;0
Scenario1;76;99,1071428571429;168,999998552473;580,779963331232;0,543800442925932;360000;20;20;0;0;1;0
Scenario1;77;93,8356164383562;190,439744342535;475,882099788302;3,27405164202163;468000;26;26;0;2;2;0
Scenario1;78;89,9328859060403;177,710211593545;483,770566423432;8,48883379200878;504000;28;28;0;0;3;0
Scenario1;79;93,75;164,936946203159;530,848230699215;2,03179200423487;414000;23;23;0;0;5;0
Scenario1;80;91,4529914529915;182,522921902705;558,007436729243;2,94225827831473;396000;22;22;0;2;1;0
Scenario1;81;96,551724137931;178,085386424586;526,491378894059;0,973083869760422;468000;26;26;0;1;4;0
Scenario1;82;94,488188976378;180,855469546969;537,882705317494;1,8175269055887;414000;23;23;0;0;3;0
Scenario1;83;86,8055555555556;190,538651683863;476,979338943529;10,9435837369497;468000;26;26;0;0;1;0
Scenario1;84;86,5384615384615;184,413581600573;467,516411172509;15,0789745813428;522000;29;29;0;0;1;0
Scenario1;85;92,7007299270073;183,330417535441;490,084900712794;3,64787195328327;450000;25;25;0;1;2;0
Scenario1;86;96,6666666666667;171,00004775363;551,881539193063;1,21123222729142;396000;22;22;0;1;0;0
Scenario1;87;90,0662251655629;174,226091678711;474,70093063996;3,67805578545064;504000;28;28;0;0;5;0
Scenario1;88;96,7320261437908;177,503071166499;556,166680869452;1,32141875454659;522000;29;29;0;0;3;0
Scenario1;89;90;205,264775439369;515,913323108533;10,8964436012083;360000;20;20;0;0;1;0
Scenario1;90;92,7536231884058;191,260916619141;482,466534803434;2,87498402384737;450000;25;25;0;2;1;0
Scenario1;91;93,5185185185185;170,622844294703;521,06704122833;1,5322624917734;360000;20;20;0;0;2;0
Scenario1;92;89,2307692307692;201,841539842759;495,482621900081;9,88994078348373;432000;24;24;0;1;4;0
Scenario1;93;94,6969696969697;172,208726583804;496,988863008807;1,49631028082397;414000;24;24;0;0;0;0
Scenario1;94;96,8253968253968;182,908531053813;503,655642143148;2,50925813370006;414000;23;23;0;1;2;0
Scenario1;95;94,3661971830986;178,858583804784;515,147176929173;1,64730718122785;468000;26;26;0;0;2;0
Scenario1;96;95;180,17857891825;538,025695374924;4,9150973876088;378000;21;21;0;0;0;0
Scenario1;97;93,7007874015748;164,147133428556;526,782550693942;2,61380397106731;414000;23;23;0;1;2;0
Scenario1;98;88,4615384615385;190,202606164111;474,631541146997;6,74207492814206;432000;24;24;0;0;7;0
Scenario1;99;91,869918699187;170,115996862309;519,800180896677;4,64238331458615;396000;22;22;0;0;1;0
Scenario1;100;94,6153846153846;172,774925246405;527,452487378138;1,28739947275007;432000;24;24;0;1;1;0
Scenario2;1;91,7355371900827;202,020854854555;524,774009567894;6,7382364597313;393750;25;25;0;1;2;0
Scenario2;2;96,5986394557823;172,286520209638;558,176084390787;1,29857672142364;488250;31;31;0;0;0;0
Scenario2;3;95,5223880597015;185,920710887622;579,874741454032;2,75544978889994;441000;28;28;0;0;1;0
Scenario2;4;98,4496124031008;176,52416158156;555,086378082831;0,0909338043940227;425250;27;27;0;1;0;0
Scenario2;5;96,2686567164179;172,849379242299;550,874033488176;0,959984580644282;441000;28;28;0;0;1;0
Scenario2;6;95,8677685950413;192,556760278619;526,18647818075;4,29054532215213;393750;25;25;0;0;2;0
Scenario2;7;97,9591836734694;188,172902700666;602,092879892996;3,61481401142608;488250;31;31;0;0;1;0
Scenario2;8;94,8529411764706;170,708836406823;531,547277692182;1,35899028135716;441000;28;28;0;0;2;0
Scenario2;9;93,8461538461538;189,05544885426;567,5635869225;3,90101991131;425250;27;27;0;0;0;0
Scenario2;10;99,1666666666667;166,609371553493;596,018996273778;0,227774566011174;393750;25;25;0;0;4;0
Scenario2;11;94,1176470588235;179,311942064336;588,244661292456;1,8591714661101;393750;25;25;0;0;1;0
Scenario2;12;98,3333333333333;155,28956160861;594,394426389549;0,403254070160169;393750;25;25;0;0;1;0
Scenario2;13;96,6101694915254;207,235312974546;541,298597598436;1,07855548878107;393750;25;25;0;0;1;0
Scenario2;14;97,3214285714286;188,511676008493;566,445542338056;3,37607708162368;362250;23;23;0;1;2;0
Scenario2;15;97,6;189,138209909147;561,935772798843;0,279545810775137;409500;26;26;0;2;0;0
Scenario2;16;99,2424242424242;163,487571962928;572,043715346504;0,0531657888512365;441000;28;28;0;0;0;0
Scenario2;17;97,4789915966387;192,732658019275;558,909807968843;4,3833060416267;385000;25;25;0;0;0;0
Scenario2;18;98,3193277310924;172,028166150885;543,451995045978;0,424368098860531;393750;25;25;0;0;0;0
Scenario2;19;96,8;180,448598007604;568,860190191353;1,35760508973054;409500;26;26;0;0;2;0
Scenario2;20;92,5925925925926;203,581120395658;507,278008096301;10,2060917385309;441000;28;28;0;0;2;0
Scenario2;21;95,6834532374101;187,313040692688;587,655673960315;3,2678027436937;456750;29;29;0;0;4;0
Scenario2;22;96,2406015037594;187,535535856157;541,359077217702;2,70911561619969;441000;28;28;0;0;0;0
Scenario2;23;97,8102189781022;164,912453390738;547,886279579958;0,277361384305439;448000;29;29;0;2;3;0
Scenario2;24;93,0769230769231;194,702687037639;505,551122396099;4,02493088111268;424375;26;27;0;0;0;0
Scenario2;25;96,9465648854962;182,10972719812;530,420190536481;1,18284447659597;441000;28;28;0;0;0;0
Scenario2;26;98,2300884955752;186,966980877853;567,140889513705;0,781108621852912;369250;24;24;0;0;2;0
Scenario2;27;99,1935483870968;180,15597817666;546,402062731784;0,300375996146002;409500;26;26;0;2;6;0
Scenario2;28;96;199,642336622223;552,215909162514;1,23882115641165;409500;26;26;0;2;1;0
Scenario2;29;97,6;173,080921804942;514,503756869261;0,758315730432822;393750;25;25;0;2;0;0
Scenario2;30;95,2380952380952;167,816274543475;522,823884657952;2,24047047947834;472500;30;30;0;0;4;0
Scenario2;31;97,7099236641221;186,729618418139;565,952112076673;0,385864058469758;425250;27;27;0;0;1;0
Scenario2;32;96,2686567164179;181,728378535652;555,239220984547;2,59655374317054;456750;29;29;0;0;0;0
Scenario2;33;98,2608695652174;166,139679760834;544,791096172286;0,410611174607881;362250;24;24;0;2;1;0
Scenario2;34;99,2063492063492;162,079751042089;559,554357542854;0,210284307034171;409500;26;26;0;0;2;0
Scenario2;35;94,3661971830986;194,204618578283;550,970755488716;8,53782360313068;472500;30;30;0;1;2;0
Scenario2;36;97,5806451612903;189,216808209589;554,030371413822;0,621346659728265;409500;26;26;0;0;4;0
Scenario2;37;100;170,492926085338;579,268002459535;0;362250;23;23;0;0;1;0
Scenario2;38;94,1176470588235;205,332679079829;515,928075961274;2,71120928157729;456750;29;29;0;0;0;0
Scenario2;39;91,156462585034;217,5198397419;519,966446492551;5,44640195312028;488250;31;31;0;0;0;0
Scenario2;40;97,4358974358974;185,45697961833;591,205554949497;4,00745032811093;386750;25;25;0;1;0;0
Scenario2;41;97,8260869565217;180,655219826964;556,27179363889;0,156040740095602;456750;29;29;0;0;0;0
Scenario2;42;96,3768115942029;178,686285649264;551,389489077638;2,67117721006982;456750;29;29;0;1;6;0
Scenario2;43;96,7105263157895;168,923050102755;541,356716756219;1,24941549352637;504000;32;32;0;3;2;0
Scenario2;44;97,1428571428571;174,755310705828;537,390568028375;0,61053745234552;472500;30;30;0;0;0;0
Scenario2;45;94,8148148148148;191,315638772904;517,857432513658;5,49174106710152;441000;28;28;0;0;2;0
Scenario2;46;99,2125984251969;175,887998513376;569,946921867858;0,0506629153238374;409500;27;27;0;0;1;0
Scenario2;47;98,5294117647059;164,222139895096;586,504577922126;0,988179994629991;441000;29;29;0;0;1;0
Scenario2;48;99,2125984251969;187,835204280933;554,501356272688;0,00480928726177818;416500;27;27;0;0;2;0
Scenario2;49;99,2592592592593;186,763438093784;540,172911907677;0,126752204724664;441000;28;28;0;0;0;0
Scenario2;50;98,2758620689655;194,045022303621;574,110568510943;1,12722172727656;378000;24;24;0;0;2;0
Scenario2;51;93,4426229508197;189,422248593062;572,707224583319;2,76098306055114;409500;26;26;0;0;2;0
Scenario2;52;98,3471074380165;160,831875020621;594,853020147575;0,680574383650606;393750;25;25;0;0;2;0
Scenario2;53;93,9393939393939;191,499756745614;560,472181742822;7,97679232636627;434000;28;28;0;1;2;0
Scenario2;54;99,2592592592593;171,466233131732;578,703342886199;0,569311772738898;441000;28;28;0;0;2;0
Scenario2;55;94,4827586206897;194,269137794579;517,851917746003;9,53510265163586;472500;31;31;0;0;0;0
Scenario2;56;98,5074626865672;173,97463833248;570,922906732275;0,400948512675507;425250;27;27;0;2;0;0
Scenario2;57;94,0677966101695;190,782421389136;549,992894235077;3,61064552249182;393750;25;25;0;1;0;0
Scenario2;58;96,5986394557823;166,898664535431;595,704924736598;5,87942620113133;488250;31;31;0;0;0;0
Scenario2;59;93,4306569343066;196,635076517539;550,005494023026;4,54339301128025;456750;29;29;0;0;0;0
Scenario2;60;97,887323943662;170,955177041137;570,203972442167;0,637547295411988;472500;30;30;0;1;7;0
Scenario2;61;98,3193277310924;158,395489193471;618,977000132511;0,602339259611494;393750;25;25;0;0;1;0
Scenario2;62;98,5185185185185;175,80568856996;600,013233333232;0,232493826893024;456750;29;29;0;0;2;0
Scenario2;63;98,3870967741936;176,225297180477;583,024308976997;0,156675285523019;409500;26;26;0;0;3;0
Scenario2;64;97,9591836734694;172,304583395127;548,426361781622;0,675600120870528;488250;31;31;0;0;2;0
Scenario2;65;95,4545454545455;169,373093120611;567,537207109619;1,60561539492463;441000;28;28;0;1;0;0
Scenario2;66;92,2535211267606;217,5600275516;498,508707235762;15,5876718898787;472500;30;30;0;0;0;0
Scenario2;67;90,625;185,944201391521;527,381065783001;10,068764814636;535500;34;34;0;0;0;0
Scenario2;68;94,3262411347518;185,315068926207;550,413744183016;2,34919077032621;472500;30;30;0;2;1;0
Scenario2;69;92,2413793103448;201,339443037275;557,521673098389;18,3613117591344;378000;24;24;0;0;2;0
Scenario2;70;99,1666666666667;189,096064497452;528,696973447736;0,320639398965847;393750;25;25;0;0;1;0
Scenario2;71;95,4198473282443;164,439763225814;572,815820764778;1,77665366354006;441000;28;28;0;0;1;0
Scenario2;72;97,9166666666667;169,386116416814;544,043797950105;0,643262001977089;472500;31;31;0;2;3;0
Scenario2;73;95,7264957264957;187,245201596365;568,719533451289;1,17311096024763;393750;25;25;0;0;2;0
Scenario2;74;98,4848484848485;167,328254044578;569,036486257384;0,799440206982523;432250;28;28;0;1;4;0
Scenario2;75;98,5401459854015;186,558361314651;534,102143167836;0,542331853422183;441000;28;28;0;1;1;0
Scenario2;76;91,156462585034;193,40898307277;528,796060770008;5,90958114712703;488250;31;31;0;0;1;0
Scenario2;77;100;167,788210972466;576,3484221996;0;409500;26;26;0;0;0;0
Scenario2;78;97,1014492753623;176,171370385605;544,933531327392;2,64105691811341;441000;29;29;0;0;1;0
Scenario2;79;96,3235294117647;190,870359273649;533,349686294149;2,41854537569224;441000;28;28;0;1;0;0
Scenario2;80;97,3913043478261;168,324958953651;594,3646824445;0,435556983114051;378000;24;24;0;0;0;0
Scenario2;81;94,2857142857143;188,632981702592;525,55650817994;2,2560194761935;456750;29;29;0;5;0;0
Scenario2;82;96,1538461538462;163,556069596039;562,594861050001;1,02032516981195;441000;28;28;0;1;1;0
Scenario2;83;96,7479674796748;184,524262763626;539,596378752693;1,11021939994057;409500;26;26;0;0;0;0
Scenario2;84;97,7099236641221;165,574002802538;587,61908255514;0,463499912012135;425250;27;27;0;0;3;0
Scenario2;85;92,7152317880795;196,468398695464;500,380202610454;5,00888740201418;504000;32;32;0;0;1;0
Scenario2;86;97,7099236641221;192,406876802879;526,538283371452;1,46830455110441;425250;27;27;0;1;3;0
Scenario2;87;94,8717948717949;185,663544211795;566,164575991483;5,76886034550796;504000;33;33;0;0;2;0
Scenario2;88;96,969696969697;178,999227632621;574,368774243309;1,14791981274026;441000;28;28;0;0;1;0
Scenario2;89;94,6308724832215;187,902977689388;517,990263863692;3,04901022687075;472500;31;31;0;1;0;0
Scenario2;90;97,3333333333333;167,769388208125;501,615607934829;2,73919895184436;487375;30;31;0;2;3;0
Scenario2;91;98,2608695652174;179,627729333001;538,376180897983;0,720939291285394;378000;24;24;0;0;4;0
Scenario2;92;96,2962962962963;184,835219313206;536,854544763383;4,98252857689244;441000;28;28;0;1;1;0
Scenario2;93;98,6206896551724;187,692728866901;562,639837794536;1,74970895754843;472500;30;30;0;0;2;0
Scenario2;94;94,9275362318841;174,000107312885;588,65524334909;1,69139919694511;456750;29;29;0;0;2;0
Scenario2;95;99,2481203007519;197,892366973237;549,268032467914;1,45747349930648;434000;28;28;0;0;0;0
Scenario2;96;97,5609756097561;169,472432226989;563,609881561022;0,887653489233739;409500;26;26;0;0;7;0
Scenario2;97;94,6153846153846;175,367656384532;585,524805505228;1,49719621375138;425250;27;27;0;0;2;0
Scenario2;98;97,6923076923077;175,169801847302;563,215003201631;0,61789135199776;441000;28;28;0;0;0;0
Scenario2;99;97,979797979798;174,780480203124;581,281854015245;0,491380161590901;322000;21;21;0;0;3;0
Scenario2;100;95,8333333333333;189,68364078986;588,551960495836;4,5145891385084;393750;25;25;0;0;0;0
Scenario3;1;96,1538461538462;176,777598326408;601,84820202725;2,81212172849655;520500;39;39;0;0;0;0
Scenario3;2;98,5611510791367;174,04939804788;590,80991899994;0,679514549410403;472500;35;35;0;0;4;0
Scenario3;3;97,6744186046512;179,597169992537;617,915330209318;0,663206397997077;432000;32;32;0;0;1;0
Scenario3;4;97,3451327433628;185,503385741837;644,079051823248;4,51254639697064;378000;28;28;0;1;1;0
Scenario3;5;95;185,232316752286;608,225926759741;8,293624698442;445500;33;33;0;0;2;0
Scenario3;6;100;167,017703324473;618,236551852421;0;418500;31;31;0;0;2;0
Scenario3;7;96,8992248062015;184,127889316382;613,98871724859;2,4568846204736;432000;32;32;0;0;0;0
Scenario3;8;100;183,639749634081;608,761880124078;0;370500;28;28;0;0;1;0
Scenario3;9;100;169,463757166799;638,983738821401;0;418500;31;31;0;0;1;0
Scenario3;10;97,6744186046512;190,273774402139;602,266429309549;1,50767628248529;432000;32;32;0;0;1;0
Scenario3;11;100;201,584230009989;572,612795320489;0;405000;31;31;0;0;1;0
Scenario3;12;95,3125;186,066301163948;638,010926199192;0,936210163624979;418500;31;31;0;0;2;0
Scenario3;13;100;176,753711145333;627,026522950493;0;418500;31;31;0;0;0;0
Scenario3;14;95,8333333333333;186,245484884472;583,393562972214;2,98715395601529;405000;30;30;0;0;1;0
Scenario3;15;100;188,907877780891;571,604937919337;0;445500;33;33;0;1;1;0
Scenario3;16;98,5074626865672;185,813766443963;583,140459280812;0,391618888198777;432000;32;32;0;0;4;0
Scenario3;17;97,7611940298508;173,365088690493;594,740119349615;0,806770946852854;432000;32;32;0;1;4;0
Scenario3;18;98,3050847457627;167,377206279881;639,744776964914;2,3770641418466;378000;29;29;0;1;0;0
Scenario3;19;92,3076923076923;208,911812259709;603,285553172179;5,65013877118749;418500;31;31;0;0;1;0
Scenario3;20;98,3471074380165;177,115852839703;630,949760701539;0,510013234909137;391500;29;29;0;0;4;0
Scenario3;21;96,2962962962963;185,689605853493;618,791623681415;5,50506272865752;445500;33;33;0;1;4;0
Scenario3;22;92,2077922077922;214,41039267928;554,641778399399;24,5733795311775;513000;38;38;0;0;0;0
Scenario3;23;98,3193277310924;192,463924100246;619,554077274905;0,838489331431136;391500;29;29;0;0;0;0
Scenario3;24;97,4137931034483;190,563177499765;634,835932752499;1,50394936203403;378000;28;28;0;0;0;0
Scenario3;25;96,1538461538462;179,731737241681;633,844798433363;3,59166509858365;432000;32;32;0;0;1;0
Scenario3;26;95,3271028037383;210,887807659606;597,970197749539;4,25864368309752;351000;26;26;0;0;1;0
Scenario3;27;98,1651376146789;203,763928521123;575,349364768206;0,455954328141117;364500;27;27;0;0;2;0
Scenario3;28;97,7443609022556;188,784464409993;594,976508005262;1,5899516057879;432000;32;32;0;8;5;0
Scenario3;29;95,8333333333333;180,099967401457;614,879475092313;3,72465678498978;486000;36;36;0;0;5;0
Scenario3;30;98,5714285714286;183,346765034224;607,80510286551;0,317112572555217;445500;33;33;0;0;0;0
Scenario3;31;98,3606557377049;178,529701958395;575,900021201893;0,390065103800081;405000;30;30;0;0;2;0
Scenario3;32;99,236641221374;176,591502454029;596,054315985185;0,39393434217287;432000;32;32;0;0;4;0
Scenario3;33;94,2028985507246;222,005173381827;589,987088039887;7,64951004857382;459000;34;34;0;0;3;0
Scenario3;34;97,7099236641221;173,588164238564;622,240179723884;0,258849145880851;432000;32;32;0;0;1;0
Scenario3;35;97,8571428571428;166,85689989114;646,623520492437;0,711898916959926;459000;34;34;0;1;11;0
Scenario3;36;100;166,971996662548;622,261262463653;0;432000;32;32;0;0;2;0
Scenario3;37;95,9677419354839;212,649745362751;570,505864415276;9,8004125506248;405000;30;30;0;0;0;0
Scenario3;38;98,6301369863014;174,934573493731;647,887352451574;0,788907478177428;486000;36;36;0;0;1;0
Scenario3;39;95,8333333333333;193,512880290094;625,61485310043;4,8325582037725;472500;35;35;0;0;2;0
Scenario3;40;100;177,64808633554;643,547287953156;0;418500;31;31;0;0;1;0
Scenario3;41;97,1428571428571;198,381574096737;577,394392311978;3,49485949903066;472500;35;35;0;0;0;0
Scenario3;42;95,0704225352113;197,880204443752;583,964508921936;10,6631096990892;486000;36;36;0;0;0;0
Scenario3;43;99,1735537190083;176,410163249873;584,657052863889;0,643809294395622;405000;30;30;0;0;1;0
Scenario3;44;98,5401459854015;213,129424223246;577,165124830637;1,04433161350332;445500;33;33;0;0;0;0
Scenario3;45;98,3739837398374;176,623559351725;650,602136857907;0,683807963256772;405000;30;30;0;0;2;0
Scenario3;46;96,2686567164179;186,042693739521;612,953116162051;1,92264863212426;459000;34;34;0;1;0;0
Scenario3;47;98,5611510791367;195,675031219659;576,644939774494;1,81476183352062;459000;34;34;0;1;2;0
Scenario3;48;99,21875;198,585040585336;615,972402892632;1,16131113120028;418500;31;31;0;0;0;0
Scenario3;49;99,21875;180,337539566744;629,640878196949;0,196778313389598;418500;31;31;0;0;1;0
Scenario3;50;100;176,315707856686;656,780746741648;0;385500;29;29;0;0;0;0
Scenario3;51;99,2805755395683;172,638078906127;606,052035744973;0,307379713811449;459000;34;34;0;1;7;0
Scenario3;52;99,236641221374;184,681258355941;581,788005890242;0,865673607362889;432000;32;32;0;0;0;0
Scenario3;53;100;165,894982823641;610,9873519429;0;459000;34;34;0;0;2;0
Scenario3;54;95,4545454545455;203,968820844128;581,260229454806;8,33858277559545;432000;32;32;0;0;0;0
Scenario3;55;99,3103448275862;171,476825840274;598,932318843221;0,305083121440145;478500;36;36;0;0;0;0
Scenario3;56;98,5294117647059;184,898759800233;573,069176607066;0,217616208058305;459000;34;34;0;0;5;0
Scenario3;57;95,9731543624161;187,536069192453;609,976611803335;3,51893313561475;486000;36;36;0;0;1;0
Scenario3;58;100;160,067333918619;616,024948186483;0;351000;27;27;0;0;1;0
Scenario3;59;99,1869918699187;176,242077830991;628,555905369415;0,117044324563171;405000;30;30;0;0;0;0
Scenario3;60;100;186,49135453689;637,088192568626;0;330000;25;25;0;0;3;0
Scenario3;61;98,0769230769231;182,78676854611;591,074769168836;1,35199946330734;526500;39;39;0;1;2;0
Scenario3;62;99,236641221374;172,718681540448;583,622297990847;0,00679619330170415;432000;32;32;0;0;1;0
Scenario3;63;97,7777777777778;177,380450020049;618,499640648033;0,743049795919652;445500;33;33;0;1;0;0
Scenario3;64;97,4522292993631;186,333700810932;612,740644259788;1,99287484124849;526500;39;39;0;0;0;0
Scenario3;65;100;168,485564774634;621,656256209757;0;445500;33;33;0;0;1;0
Scenario3;66;97,9166666666667;189,707890330719;583,49694556466;1,97349468700695;472500;35;35;0;0;2;0
Scenario3;67;99,1869918699187;190,270616279829;625,610190937826;0,714469429723768;418500;31;31;0;0;0;0
Scenario3;68;96,4028776978417;178,656046818831;580,891941478651;0,978402890062877;453000;34;34;0;1;6;0
Scenario3;69;97,7611940298508;195,31628265053;548,461359337429;0,493021630791067;432000;33;33;0;0;4;0
Scenario3;70;97,6190476190476;198,751970475013;619,75813934616;4,80174397816236;418500;31;31;0;0;0;0
Scenario3;71;100;167,378803524047;582,981320477521;0;445500;33;33;0;0;1;0
Scenario3;72;98,0519480519481;182,712961996166;580,917889360231;0,341007513498347;513000;38;38;0;0;0;0
Scenario3;73;99,2;187,949287232731;604,702055349363;0,234202955683635;418500;31;31;0;3;0;0
Scenario3;74;98,5714285714286;173,417914468487;613,369163225784;0,113831543204449;472500;35;35;0;0;1;0
Scenario3;75;98,5714285714286;184,776184493693;613,101161900096;0,632357994629041;472500;35;35;0;0;3;0
Scenario3;76;99,1869918699187;168,73901561745;615,534640435778;0,122104465606638;405000;30;30;0;0;1;0
Scenario3;77;99,2805755395683;187,7454416266;609,39351448289;0,139838204993131;459000;34;34;0;0;2;0
Scenario3;78;97,5806451612903;164,442208939772;638,502316764769;0,534537442882484;405000;31;31;0;0;1;0
Scenario3;79;96,875;186,235539425457;614,622742844419;0,805437640308306;424500;32;32;0;0;0;0
Scenario3;80;99,2248062015504;174,548805898873;630,668718033901;0,124881711634916;418500;32;32;0;0;0;0
Scenario3;81;97,8102189781022;179,975940819113;604,399705281987;3,29839641400082;451500;34;34;0;2;3;0
Scenario3;82;95,9677419354839;200,202521402216;618,073497047396;3,05333740625129;405000;31;31;0;1;3;0
Scenario3;83;97,7099236641221;196,229091991516;593,105695334766;0,525659552265503;432000;32;32;0;0;1;0
Scenario3;84;96,8;176,562222758948;615,177833325329;1,37035473046819;418500;31;31;0;0;1;0
Scenario3;85;100;175,58847073743;584,251796351805;0;486000;36;36;0;2;5;0
Scenario3;86;98,0891719745223;188,167101056663;597,224633632475;1,06429203853167;526500;39;39;0;0;1;0
Scenario3;87;98,5185185185185;178,930011939744;590,831570255147;1,1348771270074;445500;33;33;0;0;4;0
Scenario3;88;97,8571428571428;183,270281978499;602,353553636276;0,931088730662668;472500;35;35;0;4;2;0
Scenario3;89;98,4848484848485;166,066473175546;608,227090286901;0,292751957096709;432000;32;32;0;0;7;0
Scenario3;90;98,4251968503937;185,864915263351;594,132103124846;0,559230928409099;405000;30;30;0;0;2;0
Scenario3;91;94,5945945945946;196,870599082823;573,161617495636;2,99077495737499;486000;36;36;0;1;5;0
Scenario3;92;99,1735537190083;166,550276499972;639,939237216055;0,17794080673622;405000;30;30;0;1;0;0
Scenario3;93;100;195,794040350686;610,643563702888;0;351000;26;26;0;0;0;0
Scenario3;94;98,5074626865672;192,687416267467;574,769998144369;0,339709348985214;432000;32;32;0;0;0;0
Scenario3;95;99,3150684931507;187,03732981736;563,147195553935;0,959195335855359;493500;37;37;0;0;0;0
Scenario3;96;100;177,644577769465;585,702543048167;0;472500;35;35;0;0;0;0
Scenario3;97;91,2162162162162;211,462674888459;573,549298741717;4,55928099943831;486000;36;36;0;1;0;0
Scenario3;98;100;180,193555423538;616,904057975808;0;445500;33;33;0;1;0;0
Scenario3;99;95,9349593495935;199,842899607685;595,162966127023;2,52176332422465;405000;30;30;0;0;0;0
Scenario3;100;100;195,964086417713;617,237875002195;0;364500;27;27;0;0;0;0
Scenario4;1;79,6052631578947;279,085212331118;355,203753809493;17,5754867197839;442000;28;0;28;0;0;3
Scenario4;2;90,6779661016949;270,110817887963;434,921347988337;3,96894397193899;330000;21;0;21;1;0;0
Scenario4;3;88,6178861788618;280,00771805809;396,055119763637;5,98299444568446;368000;23;0;23;0;0;4
Scenario4;4;94,4;263,829683005247;440,672622548062;2,98479813748488;352000;23;0;23;0;0;2
Scenario4;5;81,3008130081301;284,737259840595;410,97184695008;17,4802626294188;368000;23;0;23;0;0;1
Scenario4;6;86,7768595041322;264,516066229944;420,682662393727;8,62911623191046;352000;22;0;22;1;0;2
Scenario4;7;88,9763779527559;258,627705592809;407,178530384724;4,68901607925602;368000;23;0;23;0;0;7
Scenario4;8;89,1666666666667;259,694070576246;404,806699930328;5,54268135194477;346000;22;0;22;0;0;2
Scenario4;9;84,2105263157895;282,332737363067;385,253858192471;12,2511984096641;400000;25;0;25;0;0;7
Scenario4;10;91,2;275,177509775512;420,873651092865;7,06315638607514;368000;23;0;23;2;0;5
Scenario4;11;80,2816901408451;284,505705968173;356,299405437231;16,1453518939518;416000;26;0;26;0;0;3
Scenario4;12;93,984962406015;268,4681748554;390,574464546424;5,31034638391611;384000;25;0;25;2;0;4
Scenario4;13;86,2068965517241;270,752732731343;397,028274280633;9,48429885523203;352000;22;0;22;1;0;7
Scenario4;14;87,5968992248062;282,961913261816;387,757657480401;8,01678023473654;384000;24;0;24;2;0;1
Scenario4;15;83,7037037037037;265,53886901226;427,459366198911;15,9626211970313;394000;25;0;25;1;0;0
Scenario4;16;76,1904761904762;286,439674769443;409,634271187763;21,8525671644714;368000;23;0;23;0;0;5
Scenario4;17;84,3137254901961;271,684934885308;394,572429037508;7,62476143487666;442000;28;0;28;0;0;1
Scenario4;18;64,7058823529412;315,852673614065;351,526498975113;63,8488578245715;442000;28;0;28;0;0;3
Scenario4;19;85,2173913043478;273,136317590572;430,689072017048;15,3087380258553;336000;21;0;21;1;0;7
Scenario4;20;80,3030303030303;292,332366464184;400,266652380139;16,0333721093519;384000;24;0;24;0;0;8
Scenario4;21;87,218045112782;293,65399368237;407,937617917056;9,99390275390947;384000;24;0;24;0;0;4
Scenario4;22;89,2857142857143;268,791025179624;376,976827574847;5,91343005727284;400000;25;0;25;1;0;3
Scenario4;23;83,2258064516129;294,958668143132;365,070196800118;17,8065602428836;448000;28;0;28;0;0;4
Scenario4;24;88,0733944954129;272,700512380698;416,292787329423;5,1223528548227;314000;20;0;20;0;0;0
Scenario4;25;90,3508771929825;287,813002277994;453,101365568174;3,68702466830906;336000;21;0;21;1;0;3
Scenario4;26;92,0353982300885;290,310169122334;398,637894797952;3,23745321236745;320000;20;0;20;0;0;3
Scenario4;27;89,6;274,495558796229;447,288222276875;7,4454378130821;368000;23;0;23;0;0;4
Scenario4;28;80,9859154929577;277,580410420734;369,1176857976;11,7099671083376;416000;26;0;26;0;0;7
Scenario4;29;83,5820895522388;288,996542894895;382,306257952328;11,2696086626473;394000;25;0;25;0;0;9
Scenario4;30;85,5072463768116;283,29049203644;405,810314339967;9,6156672955506;400000;25;0;25;0;0;10
Scenario4;31;89,7435897435898;284,38519201983;417,584258318954;5,04784360049538;346000;22;0;22;0;0;3
Scenario4;32;87,5;283,901942670319;402,211823032352;8,93417371192496;368000;23;0;23;0;0;7
Scenario4;33;83,969465648855;267,031806128001;394,126933394856;12,7032055841874;378000;24;0;24;0;0;9
Scenario4;34;87,6923076923077;257,142045884597;366,958329978943;8,58829577738822;384000;24;0;24;0;0;6
Scenario4;35;80,7407407407407;286,778700928706;371,105384109836;18,857529356222;394000;25;0;25;1;0;4
Scenario4;36;83,0508474576271;311,104782824742;389,614278517779;25,894438491688;336000;22;0;22;1;0;5
Scenario4;37;87,5;266,670097065909;440,60525124873;7,29913208020761;352000;22;0;22;0;0;1
Scenario4;38;81,8840579710145;277,312371176164;411,876561105354;21,8731920491027;400000;25;0;25;2;0;6
Scenario4;39;91,1111111111111;274,101133004401;415,783420062869;7,39095345071042;384000;25;0;25;0;0;7
Scenario4;40;81,9548872180451;289,826804502758;336,456468290564;19,5532504074691;384000;24;0;24;0;0;5
Scenario4;41;85,2941176470588;273,788373726483;425,270771030418;13,197127016524;394000;25;0;25;0;0;1
Scenario4;42;90;283,907810272091;468,803662306101;5,56351653504318;320000;20;0;20;0;0;0
Scenario4;43;85,3146853146853;284,119188436897;364,464014037668;11,0476276508637;406000;26;0;26;1;0;6
Scenario4;44;93,8053097345133;274,935249486791;455,808052636192;3,81551017261697;320000;20;0;20;0;0;4
Scenario4;45;91,9642857142857;269,833464365546;400,237448900113;4,33391709789675;330000;21;0;21;0;0;0
Scenario4;46;90,0900900900901;258,065857236195;447,542018946504;3,51627280684113;320000;20;0;20;1;0;4
Scenario4;47;82,7067669172932;286,821185092025;398,935342267916;18,0722918138358;384000;24;0;24;0;0;5
Scenario4;48;77,5510204081633;285,256489673978;349,219243143817;17,8446592548151;426000;27;0;27;0;0;1
Scenario4;49;87,5;271,777056835438;427,621990134762;9,26593194192651;330000;21;0;21;0;0;0
Scenario4;50;86,2903225806452;292,789477856807;373,123140223028;8,63794757906102;368000;23;0;23;0;0;5
Scenario4;51;87,9699248120301;275,423219181678;364,604674966736;8,19071298913675;378000;24;0;24;0;0;6
Scenario4;52;84,2857142857143;280,34749249792;375,792014927971;12,0921174611623;400000;26;0;26;1;0;8
Scenario4;53;89,4308943089431;276,760063883815;432,575511070016;4,81406062926378;352000;22;0;22;1;0;5
Scenario4;54;89,4308943089431;258,711214140925;410,966129623177;3,86997069022668;352000;22;0;22;0;0;1
Scenario4;55;91,7910447761194;293,023733256526;388,72882732985;6,66781475357457;400000;25;0;25;0;0;0
Scenario4;56;96,3302752293578;283,814835629738;442,525158440007;0,403644784278774;320000;20;0;20;0;0;3
Scenario4;57;84,1726618705036;270,77697674908;376,508845645699;9,66613477039564;416000;26;0;26;0;0;3
Scenario4;58;77,7027027027027;286,529169250717;374,409684012407;16,5639551137284;432000;27;0;27;1;0;8
Scenario4;59;86,5079365079365;287,976223675035;387,252343036018;16,4899506467574;368000;23;0;23;0;0;3
Scenario4;60;84,4961240310078;273,79554753704;422,923860520734;12,1975004575851;384000;24;0;24;0;0;2
Scenario4;61;86,4661654135338;261,407902690923;373,164564640991;7,52970059954652;384000;24;0;24;2;0;8
Scenario4;62;81,1023622047244;276,19506421372;412,5690144757;17,146304412434;352000;23;0;23;0;0;3
Scenario4;63;82,9787234042553;276,680410045263;380,547822785321;12,8970916762702;410000;26;0;26;0;0;5
Scenario4;64;92,436974789916;275,065442984779;422,794251557758;6,42619233501613;352000;22;0;22;0;0;2
Scenario4;65;89,922480620155;262,926160296942;399,658771428872;6,66519352970272;378000;24;0;24;2;0;5
Scenario4;66;76,0869565217391;285,456910739607;391,708794954536;15,8610270768428;400000;25;0;25;0;0;5
Scenario4;67;95,7264957264957;265,754549622538;399,793756872574;3,81397638413702;330000;21;0;21;0;0;0
Scenario4;68;89,7260273972603;255,637379980052;407,149198925097;6,79723694871193;426000;27;0;27;1;0;2
Scenario4;69;78,3216783216783;266,749435476647;354,652645630088;14,2681253164889;416000;26;0;26;0;0;11
Scenario4;70;83,4645669291339;279,45218399514;391,146039261079;18,407117531487;378000;24;0;24;0;0;1
Scenario4;71;89,0756302521009;271,688238238243;422,706887028161;5,42978995079039;336000;22;0;22;0;0;5
Scenario4;72;90,9090909090909;293,515688192769;411,920179056633;7,99293929662972;352000;22;0;22;0;0;7
Scenario4;73;84,375;264,287858629712;409,629801964545;19,5150886284262;378000;24;0;24;0;0;5
Scenario4;74;84,8920863309353;268,472047550656;401,992926401692;13,9334795807732;410000;26;0;26;1;0;3
Scenario4;75;88,3720930232558;293,344337349972;376,639955851265;13,6304471435572;384000;24;0;24;0;0;2
Scenario4;76;77,0992366412214;284,414574934561;380,305093933749;18,5314883721811;384000;24;0;24;0;0;5
Scenario4;77;75,3164556962025;279,654696726551;372,924462562517;26,5344776499592;448000;28;0;28;0;0;10
Scenario4;78;86,8421052631579;269,590708199161;373,935253974199;7,67288663030279;432000;28;0;28;0;0;4
Scenario4;79;87,7358490566038;271,749326738684;434,195110274057;7,00069022023404;304000;19;0;19;0;0;5
Scenario4;80;76,6355140186916;290,944563447326;427,899969662724;19,392262358698;320000;20;0;20;0;0;0
Scenario4;81;93,7007874015748;269,378503261159;450,126189599328;1,70556564704808;368000;23;0;23;1;0;0
Scenario4;82;85,1351351351351;275,354507610606;394,590257363376;12,3948216323204;442000;28;0;28;0;0;8
Scenario4;83;85,7142857142857;283,107887278262;368,657420959916;13,6957107538246;378000;24;0;24;0;0;3
Scenario4;84;84,8920863309353;289,991460730806;359,325706276806;16,5881168950077;400000;25;0;25;0;0;3
Scenario4;85;88,0597014925373;278,224237205047;410,347934675293;7,08438755382001;378000;24;0;24;0;0;1
Scenario4;86;86,986301369863;266,631361330867;388,88744774036;7,92189077124107;432000;27;0;27;0;0;8
Scenario4;87;88,5496183206107;266,355646314204;395,15436490471;7,92752004814139;362000;24;0;24;1;0;0
Scenario4;88;86,6141732283465;285,990482181393;397,370113778387;16,4615190767642;378000;24;0;24;1;0;6
Scenario4;89;73,1707317073171;298,110865269975;375,393757982979;33,4770970283958;368000;23;0;23;0;0;8
Scenario4;90;69,9346405228758;286,427109405628;349,736667983895;32,6146125891624;448000;28;0;28;0;0;1
Scenario4;91;82,3529411764706;264,941038461269;378,049907299147;14,6681509673645;394000;25;0;25;0;0;1
Scenario4;92;91,7355371900827;269,242875090132;449,452206252669;4,59442828800361;352000;22;0;22;0;0;2
Scenario4;93;91,156462585034;281,073588662946;380,844488442076;6,5060971548883;416000;27;0;27;1;0;2
Scenario4;94;79,6875;289,902172632574;401,717819813667;16,067778343003;384000;24;0;24;0;0;4
Scenario4;95;78,0487804878049;274,408383081915;383,508105328028;20,4462748837856;474000;30;0;30;0;0;9
Scenario4;96;90,4761904761905;288,040635980536;413,441893890311;6,21951964178227;368000;23;0;23;1;0;2
Scenario4;97;86,0294117647059;280,270094157995;415,635638630317;9,88991675580219;394000;25;0;25;0;0;1
Scenario4;98;88,135593220339;297,614236165714;391,268210123376;7,30819799654804;336000;22;0;22;2;0;2
Scenario4;99;83,6206896551724;278,427117755405;400,297670380098;12,0082478164515;352000;22;0;22;0;0;6
Scenario4;100;94,9152542372881;276,092142147317;461,634201868513;3,74490048740438;336000;21;0;21;1;0;7
Scenario5;1;80,8823529411765;300,44433038453;417,243220220143;12,1951975974696;400750;29;0;29;0;0;5
Scenario5;2;91,2;290,609863000044;478,240081446692;5,61726849166325;364000;26;0;26;0;0;2
Scenario5;3;88,5245901639344;288,012697133723;451,425526128011;8,72787521577272;350000;26;0;26;0;0;4
Scenario5;4;96,6942148760331;289,885963404743;494,113672168103;5,09179708034114;350000;25;0;25;1;0;4
Scenario5;5;90,4761904761905;288,563049153781;432,345485872283;5,8930916275324;364000;26;0;26;0;0;3
Scenario5;6;92,1428571428571;294,236574868534;414,093505052299;4,43789958078312;420000;30;0;30;2;0;6
Scenario5;7;84,9315068493151;293,654988801703;444,880540388143;14,3996362641861;414750;30;0;30;0;0;10
Scenario5;8;94,1176470588235;290,813856965405;497,137193106883;8,21506127639549;350000;25;0;25;1;0;3
Scenario5;9;96,3503649635037;274,706856756605;435,325884316015;1,02072652754081;406000;29;0;29;0;0;0
Scenario5;10;92,3664122137405;272,950455049299;491,138998971134;4,05266788533621;378000;27;0;27;0;0;4
Scenario5;11;85,15625;295,463724677908;422,906593150782;10,1659345559485;378000;27;0;27;0;0;2
Scenario5;12;93,8461538461538;279,87031321849;473,546468678746;5,5054192273883;372750;27;0;27;1;0;8
Scenario5;13;91,3385826771654;303,768350727835;440,054186661867;7,00399438668447;378000;27;0;27;0;0;6
Scenario5;14;93,984962406015;284,531015065874;463,417463991862;4,15188761746197;392000;28;0;28;1;0;10
Scenario5;15;92,5675675675676;274,530584949694;469,618534874479;4,90607443540017;434000;31;0;31;0;0;4
Scenario5;16;86,231884057971;306,553990496838;409,498169089578;14,1595721551106;400750;29;0;29;1;0;3
Scenario5;17;93,6507936507936;274,637257706138;479,031680535868;3,05859101664719;358750;26;0;26;0;0;9
Scenario5;18;96,7213114754098;258,807838742147;521,257328091934;0,817240240049493;350000;25;0;25;1;0;2
Scenario5;19;94,4055944055944;277,039789089958;451,405334769966;3,13001088088535;420000;30;0;30;0;0;2
Scenario5;20;87,4172185430464;277,533168220044;425,266086966928;9,41109471525768;434000;32;0;32;1;0;0
Scenario5;21;87,218045112782;304,024819883867;435,020910370917;10,3694586619358;386750;28;0;28;2;0;4
Scenario5;22;90,4;263,592748150933;496,885492178987;8,43136495913752;364000;26;0;26;0;0;2
Scenario5;23;87,5;313,901027875687;433,259753978059;12,1831682347159;364000;26;0;26;1;0;2
Scenario5;24;82,8358208955224;296,018626835587;425,801038074941;13,8018665601255;392000;28;0;28;0;0;3
Scenario5;25;88,7218045112782;297,919044811829;397,560404252066;6,13122959352872;392000;28;0;28;1;0;9
Scenario5;26;96,0629921259843;290,287315804099;444,336278384241;0,820326961588139;364000;26;0;26;2;0;3
Scenario5;27;81,8181818181818;298,428748029434;408,45451821907;24,0078580701373;448000;33;0;33;0;0;2
Scenario5;28;89,9328859060403;282,633136662259;396,50945943581;5,45338554583116;434000;32;0;32;0;0;4
Scenario5;29;92,6470588235294;297,251012639713;438,184960031569;4,7415760269656;392000;28;0;28;2;0;3
Scenario5;30;93,6;278,675282501415;446,699478441366;3,90839142103143;364000;26;0;26;0;0;4
Scenario5;31;94,4;276,378131170517;436,22591460661;4,03610721381947;364000;26;0;26;0;0;4
Scenario5;32;92,4242424242424;292,352260615036;458,802996717676;6,17230021696129;378000;27;0;27;0;0;6
Scenario5;33;92,6229508196721;286,362071810006;474,102578495686;3,27090197556872;350000;25;0;25;0;0;4
Scenario5;34;93,0769230769231;286,399375022438;430,168520494533;5,85858409403102;378000;27;0;27;0;0;5
Scenario5;35;94,2446043165468;294,945670634487;415,918333158961;3,9902242195727;406000;29;0;29;0;0;2
Scenario5;36;96,1832061068702;283,858430103039;472,275143194523;2,27104163059126;378000;27;0;27;0;0;0
Scenario5;37;86,6666666666667;286,636038909727;453,405765730302;7,46319772167675;392000;28;0;28;0;0;2
Scenario5;38;84,2857142857143;319,004079231031;402,817087276078;18,7712774055104;406000;29;0;29;0;0;0
Scenario5;39;93,4426229508197;278,856945625122;463,287940254059;4,76938503870307;378000;27;0;27;0;0;1
Scenario5;40;86,7647058823529;287,92954703148;443,069384626695;10,9854489617704;400750;29;0;29;0;0;3
Scenario5;41;91,1290322580645;273,783180641463;473,236789749567;4,21918806875898;364000;26;0;26;0;0;8
Scenario5;42;95,1612903225807;293,167340574708;463,577348999044;3,14880179085394;358750;26;0;26;4;0;8
Scenario5;43;95,1219512195122;278,814835494531;455,400809732896;5,62432534063485;350000;26;0;26;0;0;8
Scenario5;44;93,2330827067669;293,759981579069;446,001709927584;2,87766116919097;392000;28;0;28;0;0;4
Scenario5;45;90,5511811023622;278,63174287347;450,898658942462;3,60514916588929;378000;27;0;27;0;0;13
Scenario5;46;97,4789915966387;276,542418842765;459,614044298141;1,26285722986529;350000;25;0;25;0;0;0
Scenario5;47;91,3385826771654;297,918557885992;470,667882295515;5,27909239882337;364000;26;0;26;0;0;6
Scenario5;48;81,5602836879433;307,280094169758;395,598997135958;18,5966258153918;420000;30;0;30;1;0;8
Scenario5;49;95,5357142857143;302,653351893076;465,315638616536;2,42356667028287;322000;23;0;23;2;0;3
Scenario5;50;85,7142857142857;281,828362857113;443,02693233763;9,38445063642185;442750;32;0;32;0;0;6
Scenario5;51;85,7142857142857;283,799638432949;413,356787831065;9,03147905307681;456750;33;0;33;2;0;5
Scenario5;52;91,7910447761194;285,12386124081;448,129611457163;5,04418541534101;392000;28;0;28;0;0;2
Scenario5;53;92,0289855072464;280,813375628471;429,088371745659;3,44709101743278;400750;29;0;29;0;0;2
Scenario5;54;91,6666666666667;279,458466859106;429,703398350841;5,47734033472778;414750;30;0;30;0;0;5
Scenario5;55;89,7058823529412;287,911815079536;403,158151640876;5,40974515032247;392000;29;0;29;0;0;3
Scenario5;56;87,5;299,072855232249;391,508632951818;11,8414922536343;428750;31;0;31;1;0;3
Scenario5;57;84,7682119205298;293,232185793962;423,836214810786;20,6572932712419;442750;32;0;32;1;0;2
Scenario5;58;85,3333333333333;271,705803824928;442,73140200536;11,2823018238507;448000;32;0;32;0;0;6
Scenario5;59;91,0958904109589;286,088719415561;417,164790501876;7,41071329180884;434000;31;0;31;1;0;4
Scenario5;60;91,3385826771654;288,787891992661;447,456008935367;5,06316707971704;378000;27;0;27;0;0;0
Scenario5;61;85,3333333333333;303,652414226851;390,634927988397;11,6297096667342;434000;31;0;31;0;0;5
Scenario5;62;91,4728682170543;269,602378093766;450,908127531508;2,79428552855868;386750;28;0;28;0;0;4
Scenario5;63;92,3728813559322;305,849133579355;433,46111964967;7,47432652910482;350000;25;0;25;0;0;3
Scenario5;64;88,9763779527559;264,429232263062;475,234427846808;8,29641780271721;378000;27;0;27;0;0;5
Scenario5;65;84,6715328467153;281,967711852298;439,354357719678;16,0832885493694;400750;29;0;29;0;0;3
Scenario5;66;95,3846153846154;274,410270698066;435,028313774247;2,17036855334594;378000;27;0;27;0;0;5
Scenario5;67;95,8333333333333;281,843327948482;452,703094374252;0,811158928755842;350000;26;0;26;0;0;6
Scenario5;68;86,5079365079365;293,686735897522;410,483862134814;9,56237345059925;378000;27;0;27;0;0;1
Scenario5;69;96,1240310077519;286,629002173171;444,55679620775;2,31197963868563;378000;27;0;27;2;0;4
Scenario5;70;91,8032786885246;294,875814946984;430,554128070859;3,79426778438259;350000;25;0;25;0;0;3
Scenario5;71;84,8684210526316;272,584028952065;423,811723041482;15,4763803674314;442750;32;0;32;0;0;7
Scenario5;72;88,695652173913;299,366404802728;443,739175429286;7,21806025024389;336000;24;0;24;0;0;8
Scenario5;73;94,0677966101695;294,868122991836;461,114140026015;3,29073602194642;336000;24;0;24;0;0;1
Scenario5;74;95,2755905511811;287,581618704783;445,585499567524;1,27240114357084;378000;27;0;27;0;0;1
Scenario5;75;98,3739837398374;272,469387457761;472,090497255856;0,639021617960965;350000;26;0;26;0;0;2
Scenario5;76;96,9230769230769;273,102693296227;462,648505676242;1,08977924525596;378000;27;0;27;1;0;5
Scenario5;77;93,1034482758621;300,108792920883;422,401937114427;5,14945378348073;420000;31;0;31;0;0;9
Scenario5;78;88,8888888888889;286,350026549037;438,918567364948;12,0342243523928;392000;28;0;28;0;0;6
Scenario5;79;91,1764705882353;295,976181202018;446,432657005593;6,73725100559798;392000;28;0;28;2;0;4
Scenario5;80;90,9090909090909;280,300261778193;461,396933861042;4,58980721151298;364000;26;0;26;1;0;0
Scenario5;81;94,6564885496183;281,589148007076;444,712510888192;2,30608051224078;386750;28;0;28;2;0;6
Scenario5;82;93,9189189189189;277,978809423008;429,800842609808;3,46915008808306;434000;31;0;31;0;0;7
Scenario5;83;93,5483870967742;279,574870429263;486,369302397454;3,25136757795249;364000;26;0;26;0;0;5
Scenario5;84;91,5492957746479;291,274631787721;427,302180045614;4,77245628031428;414750;30;0;30;0;0;8
Scenario5;85;91,869918699187;291,286443265301;512,940280685767;3,94850240926836;364000;26;0;26;0;0;4
Scenario5;86;89,5161290322581;290,159432198457;463,423980281708;6,0364892179354;364000;26;0;26;4;0;8
Scenario5;87;83,8461538461539;294,961587717105;424,003069614212;14,0404550960099;378000;27;0;27;0;0;7
Scenario5;88;88,3211678832117;286,505616301956;453,826728302364;5,97712287239182;400750;29;0;29;0;0;8
Scenario5;89;90,7142857142857;299,049432967398;446,117432420053;7,84008891207999;406000;29;0;29;0;0;2
Scenario5;90;95;281,452704257709;486,726003511627;3,01926370092613;350000;25;0;25;0;0;3
Scenario5;91;91,970802919708;282,111617149556;457,130608696793;4,7645715545574;392000;29;0;29;0;0;10
Scenario5;92;93,6507936507936;282,589138331243;476,211395755895;5,83008353278674;364000;26;0;26;0;0;1
Scenario5;93;93,8461538461538;268,389489739512;466,843510829213;2,75498154069739;386750;28;0;28;0;0;5
Scenario5;94;87,5;270,875335034717;480,97675823671;8,88109302356765;400750;29;0;29;1;0;3
Scenario5;95;93,9393939393939;266,11815587426;422,592222590773;1,78183357199995;386750;28;0;28;0;0;4
Scenario5;96;95,2;310,281099447518;461,67064972336;4,72436708302975;364000;27;0;27;0;0;2
Scenario5;97;93,1623931623932;280,213180100047;494,203224658778;2,01537522799383;336000;25;0;25;0;0;6
Scenario5;98;92,0634920634921;269,129191409626;485,062701549658;5,1888930318388;364000;27;0;27;0;0;2
Scenario5;99;92,2413793103448;266,888203339844;488,764693056529;6,79484373456575;325500;24;0;24;2;0;6
Scenario5;100;93,5483870967742;283,319505468394;454,837050332071;3,82690061282241;364000;26;0;26;0;0;9
Scenario6;1;96,031746031746;291,668112061892;496,089628812202;2,57256112684974;367500;31;0;31;0;0;3
Scenario6;2;89,051094890511;290,180392782487;467,21362161758;6,17237680639407;408000;34;0;34;2;0;2
Scenario6;3;95,2755905511811;299,122925014523;494,586308105793;1,04537197263676;372000;31;0;31;0;0;0
Scenario6;4;94,017094017094;302,363624549805;528,241930015928;2,81336964665542;343500;29;0;29;0;0;8
Scenario6;5;91,6030534351145;305,179765991205;492,416440852243;4,6000059045122;384000;32;0;32;0;0;2
Scenario6;6;93,859649122807;299,186370479402;518,64720872191;3,49479779047773;336000;28;0;28;1;0;1
Scenario6;7;91,8367346938776;297,229257418388;455,67139900799;5,65340830864442;432000;36;0;36;1;0;6
Scenario6;8;94,2028985507246;278,555996914185;489,557399354286;4,0608877958097;403500;34;0;34;1;0;5
Scenario6;9;90,3703703703704;298,352860175312;480,534481634577;11,0953580642234;396000;33;0;33;0;0;0
Scenario6;10;96,9230769230769;281,861702745809;476,176604538061;1,55522827486679;396000;33;0;33;1;0;5
Scenario6;11;95,3846153846154;306,937215795256;468,203809505519;1,87566238777699;384000;32;0;32;0;0;3
Scenario6;12;91,4285714285714;292,751448826209;467,886276111634;4,22382768017942;408000;34;0;34;1;0;13
Scenario6;13;97,5206611570248;295,483137370312;513,960146584958;1,13840383124039;336000;29;0;29;0;0;3
Scenario6;14;93,6507936507936;310,562797641843;522,986901466884;3,31740336397224;360000;31;0;31;1;0;3
Scenario6;15;97,2222222222222;292,387523983465;531,47809909164;0,250527751202351;312000;26;0;26;0;0;5
Scenario6;16;93,1034482758621;337,514586839707;476,79551532623;6,4021231827171;348000;29;0;29;2;0;5
Scenario6;17;94,2028985507246;320,462686532947;469,191917336456;3,06726101185572;403500;34;0;34;0;0;6
Scenario6;18;96,6101694915254;301,907103897027;524,280012541793;0,653718596690553;343500;29;0;29;2;0;4
Scenario6;19;97,3333333333333;288,342791693094;490,371596173387;0,811687034088;439500;37;0;37;0;0;6
Scenario6;20;93,8356164383562;304,483258309336;475,962357917066;5,06750269961865;439500;37;0;37;0;0;11
Scenario6;21;96,4285714285714;315,426441279351;498,701879651643;3,25694828195534;324000;27;0;27;0;0;3
Scenario6;22;96,551724137931;287,914068569309;516,174674147847;1,55300678217084;336000;29;0;29;1;0;8
Scenario6;23;93,1818181818182;317,510277797798;471,527917077657;4,63687881807682;379500;32;0;32;0;0;1
Scenario6;24;96,0526315789474;285,818559098552;518,326616354279;2,63362132003265;444000;38;0;38;2;0;3
Scenario6;25;91,3669064748201;284,315313036376;469,27932232555;5,40032646281983;415500;35;0;35;0;0;2
Scenario6;26;97,65625;307,327004035497;523,646789365807;1,04351369779218;367500;31;0;31;0;0;5
Scenario6;27;90,3448275862069;309,385326464735;455,598307989211;6,69757004178309;432000;36;0;36;0;0;2
Scenario6;28;97,6;293,050557950456;508,38671101957;1,36049789750294;372000;31;0;31;0;0;7
Scenario6;29;89,4736842105263;301,047491107085;479,856886535578;5,87178147640404;396000;33;0;33;0;0;2
Scenario6;30;92,4137931034483;311,183878529668;487,041504002853;7,37321080933475;415500;35;0;35;1;0;2
Scenario6;31;93,75;319,444363770585;451,157616161092;8,4803994017882;420000;35;0;35;0;0;4
Scenario6;32;89,6103896103896;301,597508994498;474,525062207889;11,7680415213433;451500;38;0;38;2;0;2
Scenario6;33;96,2121212121212;289,270529580874;492,672752862255;1,53162239255144;396000;33;0;33;0;0;1
Scenario6;34;93,5483870967742;297,831983027678;501,632320314926;3,1965448564728;355500;31;0;31;1;0;0
Scenario6;35;100;290,877650781367;503,770961346651;0;343500;29;0;29;0;0;4
Scenario6;36;93,5779816513761;299,606136786337;496,959174879293;2,95391841758605;324000;27;0;27;0;0;2
Scenario6;37;91,6030534351145;281,744569780286;490,3153440356;3,84085267958374;379500;32;0;32;0;0;5
Scenario6;38;95,1219512195122;324,227923944935;473,102067184354;3,57799498006257;360000;30;0;30;0;0;4
Scenario6;39;91,3333333333333;286,984961485506;461,986963709886;4,28594737879012;439500;37;0;37;0;0;7
Scenario6;40;91,4893617021277;301,322629190095;462,692628418259;2,68579247574256;408000;34;0;34;2;0;3
Scenario6;41;92,9078014184397;312,612902714807;440,196378291437;5,36973972609512;420000;35;0;35;1;0;10
Scenario6;42;96,9230769230769;280,937065861447;478,889801657118;1,32490920376248;375000;32;0;32;0;0;0
Scenario6;43;95,5555555555556;288,970953016093;477,525065064553;1,31048521745199;384000;33;0;33;1;0;11
Scenario6;44;96,1904761904762;283,171431561805;528,488824158666;0,628385982964842;312000;26;0;26;1;0;11
Scenario6;45;89,1891891891892;296,968908114549;465,243652528943;10,7367321147743;444000;37;0;37;0;0;6
Scenario6;46;94,8148148148148;293,604721307223;479,490260277542;5,01641879393449;391500;33;0;33;0;0;4
Scenario6;47;97,2413793103448;290,578993845173;472,806024159898;1,71887635638915;427500;36;0;36;2;0;3
Scenario6;48;94,1176470588235;291,166011205897;424,703730902208;3,02556739954926;456000;38;0;38;0;0;5
Scenario6;49;97,7611940298508;272,951257110198;507,023833569455;2,11032980738939;387000;33;0;33;1;0;2
Scenario6;50;96,031746031746;313,302984181055;493,394597549202;1,9404030398072;360000;30;0;30;1;0;4
Scenario6;51;92,6829268292683;296,991667629588;519,716504887308;2,78668867058108;355500;30;0;30;1;0;5
Scenario6;52;93,7062937062937;299,634783239045;438,503093212204;2,52007686159065;415500;35;0;35;0;0;2
Scenario6;53;100;293,045157673015;521,512820242242;0;319500;27;0;27;0;0;3
Scenario6;54;94,2622950819672;314,602116659998;491,177016843642;8,05962597274571;360000;30;0;30;2;0;6
Scenario6;55;92,6470588235294;315,599431091759;450,14964287896;6,8507582424553;403500;34;0;34;0;0;9
Scenario6;56;89,6551724137931;306,453203869565;420,086977975556;6,3204786484706;412500;35;0;35;0;0;0
Scenario6;57;88,9763779527559;294,775258738301;477,145694187599;7,05374911929696;372000;31;0;31;0;0;2
Scenario6;58;96,7741935483871;280,347184417631;517,164991935505;5,62995569647307;360000;31;0;31;1;0;8
Scenario6;59;98,4962406015038;292,394863113795;500,138679307667;0,769861783485189;396000;33;0;33;1;0;2
Scenario6;60;96,4028776978417;303,689176864702;496,591696272543;4,35917890936199;403500;34;0;34;0;0;2
Scenario6;61;91,6083916083916;307,60545435847;425,895045901956;4,18931481374515;420000;36;0;36;0;0;0
Scenario6;62;98,0952380952381;320,289113065186;531,094001963638;0,518890639189061;307500;26;0;26;0;0;2
Scenario6;63;87,0967741935484;301,558202026338;441,143187217169;7,77015372036203;463500;39;0;39;1;0;4
Scenario6;64;95,3846153846154;301,712069629384;471,727827774395;3,64099075433819;384000;32;0;32;0;0;7
Scenario6;65;88,9655172413793;289,240857005621;484,678213823428;9,15053664649754;420000;35;0;35;0;0;8
Scenario6;66;95,6521739130435;290,5832183241;537,899448002285;2,36347114159921;331500;28;0;28;0;0;1
Scenario6;67;82,1917808219178;311,355658974839;484,685619613841;20,2633713803997;432000;36;0;36;0;0;6
Scenario6;68;89,8648648648649;305,683998845322;474,599199326353;6,54417296493602;451500;38;0;38;4;0;4
Scenario6;69;91,156462585034;299,79037795698;458,593102729666;4,88013206542954;432000;37;0;37;0;0;1
Scenario6;70;98,4962406015038;287,772367543835;496,059725563934;1,14619128071948;384000;33;0;33;0;0;5
Scenario6;71;98,3471074380165;282,826440083531;551,334875223269;0,182518032747062;348000;29;0;29;0;0;9
Scenario6;72;90,2777777777778;323,712841523336;424,670706293973;9,4348446953496;420000;36;0;36;0;0;4
Scenario6;73;96,7213114754098;303,410997550508;523,090941614678;1,63485161140959;360000;30;0;30;1;0;1
Scenario6;74;94,53125;324,806989380085;480,25787208325;5,65580937859747;372000;31;0;31;1;0;5
Scenario6;75;92,7007299270073;301,063887191488;480,955706002645;2,21114811741393;403500;34;0;34;1;0;7
Scenario6;76;94,7368421052632;283,909685197567;477,65030087074;2,67553018079642;384000;32;0;32;0;0;1
Scenario6;77;97,5;301,106007370934;540,042910534416;1,47831377101337;348000;29;0;29;0;0;5
Scenario6;78;94,6153846153846;295,682218446225;506,395499168986;4,08395413278264;384000;32;0;32;0;0;5
Scenario6;79;91,4529914529915;308,421366953466;498,112726385514;5,25855120816377;331500;28;0;28;0;0;5
Scenario6;80;96,875;279,36468127337;500,899204763364;2,79671495156502;384000;32;0;32;1;0;7
Scenario6;81;86,9918699186992;292,481293501421;473,635946839982;5,83623423454051;360000;30;0;30;0;0;1
Scenario6;82;93,4306569343066;285,26290434591;515,949010522672;2,94607457686424;396000;33;0;33;1;0;6
Scenario6;83;95,5555555555556;287,083456805351;486,22640274596;0,926324692673727;391500;33;0;33;0;0;0
Scenario6;84;93,0769230769231;297,233480217646;473,950708501962;3,16112050918317;384000;32;0;32;0;0;1
Scenario6;85;95,4198473282443;289,694899607657;509,229781057647;1,88354723432647;384000;32;0;32;1;0;4
Scenario6;86;93,2835820895522;291,171875863505;474,244026033212;4,04827369633514;387000;33;0;33;0;0;2
Scenario6;87;94,5736434108527;290,86021494515;491,459477082281;2,03308100475136;372000;31;0;31;2;0;2
Scenario6;88;96,1240310077519;311,979698305253;465,848067204562;2,54326775395924;384000;32;0;32;0;0;5
Scenario6;89;94,7368421052632;317,040098152897;461,479811170395;2,64559817736541;328500;28;0;28;0;0;1
Scenario6;90;89,4736842105263;304,442419838651;464,571564667611;12,1500691759447;451500;38;0;38;0;0;6
Scenario6;91;93,6170212765958;288,390100424239;486,601918104972;4,57442437841777;415500;35;0;35;0;0;8
Scenario6;92;96,4285714285714;302,919056148329;494,328505121211;0,993543768140682;324000;27;0;27;1;0;2
Scenario6;93;90,7801418439716;293,234521397955;454,319265128323;7,01898372350415;420000;35;0;35;1;0;8
Scenario6;94;93,8053097345133;311,854548003098;485,448681108124;5,05475266369455;336000;28;0;28;2;0;6
Scenario6;95;97,5206611570248;281,984110359961;522,439273267673;1,13673029568819;351000;30;0;30;0;0;2
Scenario6;96;87,5;303,074063238274;457,20598578869;9,04927572522852;408000;35;0;35;0;0;4
Scenario6;97;97,6190476190476;279,279577723309;514,810811290214;1,63930502379713;372000;32;0;32;0;0;4
Scenario6;98;95,2755905511811;278,717263368145;522,3632998843;2,02355354092434;367500;31;0;31;2;0;2
Scenario6;99;97,6;281,417929716236;528,420365253965;1,8164126810793;360000;30;0;30;0;0;3
Scenario6;100;93,8461538461538;303,541486468589;529,395098634691;5,49743758474026;372000;31;0;31;0;0;2
Scenario7;1;88,4615384615385;276,504770126455;402,78309864971;11,7011945514376;322000;0;24;24;0;1;5
Scenario7;2;84,297520661157;276,827051969331;427,424917777129;16,8091078184348;308000;0;22;22;0;0;3
Scenario7;3;92,3664122137405;264,377926225899;367,925209470953;4,83737850675074;330000;0;24;24;0;3;1
Scenario7;4;86,0869565217391;274,342022769435;448,599844381783;7,38485925503516;294000;0;21;21;0;4;3
Scenario7;5;83,8709677419355;263,944448080383;373,730614653742;9,45235629212316;316000;0;23;23;0;0;2
Scenario7;6;83,8028169014084;278,601811285413;420,902876453525;17,4599914484135;364000;0;26;26;0;1;3
Scenario7;7;93,1034482758621;263,559020187387;433,48620230223;3,01973634584126;372000;0;27;27;0;0;4
Scenario7;8;92,3076923076923;267,263519750827;487,180990894371;2,8253882966302;266000;0;19;19;0;0;2
Scenario7;9;79,6875;317,363589001064;339,520743197809;18,5778782709777;322000;0;23;23;0;4;2
Scenario7;10;76;281,237134617304;376,61853108681;30,280032772377;392000;0;28;28;0;1;9
Scenario7;11;81,9672131147541;288,05055613251;407,956006815188;15,2021218037844;308000;0;22;22;0;3;1
Scenario7;12;88,5964912280702;282,961762176153;433,643939888763;6,26070037225032;294000;0;21;21;0;0;5
Scenario7;13;86,1313868613139;262,700843538914;413,472116875242;10,9300364714267;350000;0;26;26;0;5;6
Scenario7;14;87,378640776699;276,043778550062;453,975594710481;6,19584760251433;252000;0;19;19;0;3;3
Scenario7;15;85,2112676056338;268,491639199704;418,833475726153;9,79552403644719;364000;0;26;26;0;2;6
Scenario7;16;80,9815950920245;271,974315256648;372,511552779741;16,4145631842124;406000;0;30;30;0;1;13
Scenario7;17;79,8561151079137;288,867333421694;351,096063302531;32,4141682580565;344000;0;25;25;0;1;2
Scenario7;18;83,3333333333333;282,145990030395;372,7367624786;16,4049507422859;350000;0;25;25;0;1;2
Scenario7;19;82,6086956521739;277,006594242181;401,939768125957;18,5969720698521;358000;0;26;26;0;3;3
Scenario7;20;88,1944444444444;284,460682632598;364,367242657494;13,6603054136408;364000;0;27;27;0;0;6
Scenario7;21;77,4436090225564;295,925647769774;393,953409665205;24,4191954957331;336000;0;24;24;0;0;4
Scenario7;22;90;260,918443966722;406,713433005067;11,9727869892723;324000;0;24;24;0;0;10
Scenario7;23;79,7385620915033;279,290860221938;406,25147394616;22,8304822158197;392000;0;28;28;0;0;1
Scenario7;24;90,4761904761905;269,539361495748;414,975712145794;6,0598997607126;322000;0;23;23;0;1;2
Scenario7;25;83,1168831168831;295,670008651219;347,833459057416;15,2371788537788;400000;0;29;29;0;1;7
Scenario7;26;90,7142857142857;284,087310039301;415,116896606936;9,41448568377139;350000;0;26;26;0;2;0
Scenario7;27;89,4039735099338;285,567860888381;389,288628402807;10,5014174929583;386000;0;28;28;0;0;9
Scenario7;28;83,206106870229;261,812593578348;428,29195909429;11,6920895650689;330000;0;24;24;0;5;2
Scenario7;29;80;289,642722911612;353,009071466088;20,5169275155844;364000;0;26;26;0;5;3
Scenario7;30;91,4285714285714;263,091515283744;398,604640082751;4,79305795670319;358000;0;26;26;0;1;3
Scenario7;31;83,3333333333333;256,492332084961;402,747099430856;13,7003641025034;336000;0;25;25;0;1;10
Scenario7;32;90,4;286,551370565659;414,545750071457;9,39987991210197;316000;0;23;23;0;2;7
Scenario7;33;86,0294117647059;261,038214791597;407,270841435327;8,61672514615804;344000;0;25;25;0;4;1
Scenario7;34;85,9259259259259;261,779320715157;409,047730576011;13,6895910323591;350000;0;25;25;0;3;0
Scenario7;35;79,7297297297297;260,622149608077;366,453254640809;13,8072714370109;372000;0;27;27;0;1;4
Scenario7;36;84,8;285,67105994263;431,940110492562;14,1991233637962;322000;0;23;23;0;0;1
Scenario7;37;80,8823529411765;280,125096497;408,700966741447;24,9642152792673;350000;0;25;25;0;2;4
Scenario7;38;87,0689655172414;283,415443842262;431,021003194465;9,43426122605136;294000;0;21;21;0;0;5
Scenario7;39;81,021897810219;280,224714277986;397,585733638618;11,8792515175113;350000;0;25;25;0;0;9
Scenario7;40;83,7209302325581;273,908998504931;375,286023597782;10,7523082802441;336000;0;24;24;0;3;3
Scenario7;41;98,2456140350877;270,005845363844;449,00629767589;1,04737921884624;294000;0;22;22;0;1;7
Scenario7;42;85,1063829787234;278,455897469655;379,875191432794;15,6606972258994;364000;0;26;26;0;3;5
Scenario7;43;85;280,183115965434;377,748020627251;12,4565558950455;358000;0;26;26;0;1;2
Scenario7;44;90,8333333333333;272,826836806166;443,360325194105;10,2255190610991;308000;0;22;22;0;3;3
Scenario7;45;87,0689655172414;265,993125938146;431,012708927914;8,58260884283829;302000;0;22;22;0;1;0
Scenario7;46;76,1904761904762;296,639556417098;337,486341397962;25,0942859621917;364000;0;26;26;0;2;4
Scenario7;47;70,4545454545455;296,107418276963;350,02302823805;29,2850119553106;336000;0;25;25;0;1;0
Scenario7;48;87,5816993464052;290,75349883044;366,877599562392;11,6719961377408;386000;0;28;28;0;1;5
Scenario7;49;91,9642857142857;268,12566303645;406,094148845527;5,48552657871845;280000;0;20;20;0;2;6
Scenario7;50;86,5079365079365;270,846525420637;406,280574451977;8,8993887732952;316000;0;23;23;0;4;3
Scenario7;51;83,5714285714286;283,493131708672;386,559087637397;18,1577316291793;350000;0;26;26;0;0;1
Scenario7;52;78,6764705882353;280,622985524044;392,213289401347;18,6856482378608;350000;0;25;25;0;1;5
Scenario7;53;80,2816901408451;269,04703213609;368,912609054176;16,9414390626556;372000;0;27;27;0;9;12
Scenario7;54;85,4961832061069;267,243450139433;395,734533226146;8,84258863990985;336000;0;24;24;0;2;7
Scenario7;55;81,7567567567568;280,795841830502;384,658629376171;24,3867350434149;386000;0;28;28;0;1;2
Scenario7;56;86,1111111111111;275,689218677765;381,466189226928;9,60544106316384;372000;0;27;27;0;2;3
Scenario7;57;85,8208955223881;285,789405415059;365,238316098661;13,3773530940688;338000;0;25;25;0;0;2
Scenario7;58;90,8396946564885;265,705815432819;410,370425002378;3,99433700595888;330000;0;24;24;0;3;6
Scenario7;59;86,6666666666667;286,246631134716;434,703127570045;18,954760388772;344000;0;25;25;0;1;2
Scenario7;60;81,3432835820896;280,821531640205;433,126767173816;13,0464615758518;350000;0;25;25;0;2;1
Scenario7;61;84,2105263157895;274,454970636373;353,871692826724;12,9583959363426;386000;0;28;28;0;4;5
Scenario7;62;93,859649122807;259,06448956746;410,763346492038;1,57985831532437;294000;0;21;21;0;0;3
Scenario7;63;88,8888888888889;275,745348511459;454,211532711456;5,27557925148095;266000;0;20;20;0;1;3
Scenario7;64;85,15625;270,266035945658;381,895292059329;10,4416329269815;330000;0;24;24;0;2;3
Scenario7;65;89,9159663865546;297,009736634501;423,139818945755;6,76380178591821;302000;0;22;22;0;0;1
Scenario7;66;87,4125874125874;270,863926107715;399,16133852025;18,0870828906786;364000;0;27;27;0;0;3
Scenario7;67;86,0869565217391;258,033224641779;427,334265782678;10,1970440521137;294000;0;21;21;0;1;4
Scenario7;68;88,7218045112782;262,749943688238;407,468961695666;11,8711584239928;350000;0;25;25;0;1;3
Scenario7;69;87,8260869565217;278,597020007475;390,686618397033;9,01581545918377;288000;0;21;21;0;0;8
Scenario7;70;79,3893129770992;277,680446133481;415,01768080618;13,9117357813814;330000;0;24;24;0;3;2
Scenario7;71;85,8333333333333;271,030300659603;381,48246895787;15,4684707955518;302000;0;22;22;0;1;3
Scenario7;72;85,1239669421488;270,14905891572;421,028552202508;9,98163669409835;308000;0;22;22;0;6;6
Scenario7;73;79,8387096774193;259,139848494654;452,315739799698;13,987143676256;308000;0;22;22;0;2;1
Scenario7;74;87,4015748031496;266,579546220035;435,870461752419;7,60951541197201;336000;0;24;24;0;2;4
Scenario7;75;81,6901408450704;262,498385316635;399,979203590349;21,1895040824471;364000;0;26;26;0;0;5
Scenario7;76;85,1063829787234;279,488101759774;403,827648127232;11,64259647667;364000;0;26;26;0;2;3
Scenario7;77;84,0277777777778;293,829546217394;394,710123173303;16,5141357500014;364000;0;26;26;0;0;6
Scenario7;78;83,8983050847458;270,374695087711;363,248306573961;8,9612514630401;308000;0;22;22;0;1;2
Scenario7;79;80,4195804195804;279,442643976238;393,561643906335;21,3819410401249;364000;0;26;26;0;2;4
Scenario7;80;85,2459016393443;294,97469979865;421,317170263838;12,4186595783298;302000;0;22;22;0;1;9
Scenario7;81;92,8571428571429;267,540950429749;386,597414337857;4,24076207785805;364000;0;26;26;0;3;1
Scenario7;82;81,3953488372093;267,432664226651;417,110745641107;15,6271681854136;330000;0;24;24;0;4;8
Scenario7;83;73,3812949640288;293,179457412022;397,869140904023;38,3122868325175;344000;0;25;25;0;1;5
Scenario7;84;80,4878048780488;267,029093485605;439,662062598123;12,6551718446775;308000;0;22;22;0;0;3
Scenario7;85;83,4586466165414;282,240593131915;400,644880997349;13,145090198861;336000;0;24;24;0;2;2
Scenario7;86;86,7549668874172;263,515101714402;398,87704378656;10,8878555546806;392000;0;28;28;0;4;6
Scenario7;87;82,1705426356589;262,092149407848;404,093692513695;8,30290856855082;336000;0;24;24;0;1;8
Scenario7;88;89,9159663865546;284,089682945237;411,532459247137;5,48182681750089;302000;0;22;22;0;0;3
Scenario7;89;87,2;281,637485260094;407,223208646382;4,02843679246218;308000;0;22;22;0;2;2
Scenario7;90;86,5384615384615;296,255369266432;408,585796497455;8,36047599854868;266000;0;19;19;0;1;5
Scenario7;91;85,8156028368794;283,112582072475;400,050872145976;16,2658258923383;358000;0;26;26;0;0;1
Scenario7;92;86,7768595041322;283,568774749694;395,251040691707;12,4236156333776;308000;0;22;22;0;0;6
Scenario7;93;96,4912280701754;272,826911443134;442,482790362918;0,894372398324713;274000;0;20;20;0;4;5
Scenario7;94;83,8235294117647;258,80054730451;375,135711349409;9,72614685781158;344000;0;25;25;0;0;1
Scenario7;95;90,2654867256637;287,804671729637;454,960551199044;8,45681172643022;294000;0;21;21;0;0;0
Scenario7;96;86,5248226950355;277,0702258739;397,896841182417;8,54921067276613;358000;0;26;26;0;3;0
Scenario7;97;93,1297709923664;272,445839309934;430,129036069964;4,05557800254103;336000;0;24;24;0;2;2
Scenario7;98;75,7575757575758;262,036528673801;336,272583303656;31,4524089451868;428000;0;31;31;0;3;8
Scenario7;99;90;261,411496400173;423,945697385374;8,93205716572806;308000;0;22;22;0;2;8
Scenario7;100;86,3636363636364;279,538271263513;461,958765729702;13,3645891384778;280000;0;20;20;0;0;2
Scenario8;1;94,7368421052632;285,139834721604;412,963174632819;2,37530324156615;330750;0;27;27;0;0;9
Scenario8;2;93,3823529411765;273,917883064126;442,859036027812;5,18565173775485;343000;0;28;28;0;0;2
Scenario8;3;92,1875;294,339436712632;455,126597357447;6,19240081420927;325500;0;27;27;0;1;6
Scenario8;4;94,1605839416058;291,610734108481;434,159664493314;5,60595011054443;355250;0;29;29;0;4;4
Scenario8;5;87,9699248120301;311,116508361173;419,150579126361;12,9331683202604;343000;0;28;28;0;4;0
Scenario8;6;89,6825396825397;288,096007707977;449,202838807483;5,68354845718972;318500;0;26;26;0;7;8
Scenario8;7;95,5128205128205;264,854193642632;443,873000426707;4,51710091884413;411250;0;34;34;0;2;5
Scenario8;8;90,9774436090226;277,40423672361;451,014775448604;9,00417631898412;325500;0;27;27;0;0;1
Scenario8;9;88,8111888111888;271,338111382272;448,822166020863;7,72893348281173;362250;0;30;30;0;5;8
Scenario8;10;88,5496183206107;299,368170531574;441,216747901937;7,29510915567377;330750;0;27;27;0;8;1
Scenario8;11;84,5637583892617;291,203264625615;420,317943278461;18,9697740490379;379750;0;31;31;0;3;9
Scenario8;12;86,8217054263566;307,139267171055;449,091549500574;8,64960703538614;330750;0;27;27;0;2;4
Scenario8;13;88,9830508474576;284,518515238055;457,676597661798;6,27692528759266;294000;0;25;25;0;2;6
Scenario8;14;94,53125;299,18819401791;438,755066863601;2,80697699059837;325500;0;27;27;0;3;2
Scenario8;15;92,8571428571429;287,234377031187;430,683803252205;3,22094481198955;325500;0;27;27;0;2;1
Scenario8;16;97,4576271186441;262,177835612803;500,360055729796;1,44358191213057;306250;0;25;25;0;3;5
Scenario8;17;90,6474820143885;274,001983238055;404,953398963947;5,0308119773715;350000;0;29;29;0;4;6
Scenario8;18;90;310,82052310102;382,378155448567;12,7969615176656;330750;0;27;27;0;0;3
Scenario8;19;89,2086330935252;299,280432821801;420,205466340701;7,33134841349491;350000;0;29;29;0;0;3
Scenario8;20;85,1612903225806;287,182804227601;445,240976479861;9,84861684271323;404250;0;33;33;0;4;3
Scenario8;21;93,2885906040269;277,478742016898;455,870939151379;3,12018599369231;386750;0;32;32;0;3;4
Scenario8;22;92,3611111111111;291,47075844956;405,300676448408;5,27775667230393;367500;0;30;30;0;1;4
Scenario8;23;91,0344827586207;297,093584199069;386,884602865615;5,13752661109196;367500;0;31;31;0;4;7
Scenario8;24;95,4954954954955;284,527783767807;483,967336743933;1,6836225628044;288750;0;24;24;0;1;2
Scenario8;25;95,0354609929078;294,962801359959;402,095250290289;6,61114114324756;367500;0;30;30;0;0;17
Scenario8;26;91,1111111111111;277,873547295635;471,640797782029;4,46378258200932;343000;0;29;29;0;0;2
Scenario8;27;95,4545454545455;277,588316532766;448,524213731533;1,28956910261223;337750;0;28;28;0;1;3
Scenario8;28;94,0677966101695;283,094487544447;459,686241022674;3,45875506238372;288750;0;24;24;0;0;5
Scenario8;29;89,7058823529412;272,948937128678;481,090188291684;5,83623351019643;350000;0;29;29;0;2;1
Scenario8;30;95,7264957264957;267,309734654921;496,279156335588;0,414625375831835;288750;0;24;24;0;3;3
Scenario8;31;83,8709677419355;276,253440443844;425,773898147747;13,1507741185638;411250;0;34;34;0;0;7
Scenario8;32;90,8396946564885;276,716962357696;441,065336987822;7,41857307132787;330750;0;28;28;0;0;5
Scenario8;33;88,5496183206107;285,309036495998;449,657193531544;9,20392976478199;337750;0;28;28;0;0;3
Scenario8;34;89,7058823529412;300,211829411037;398,4217332484;7,5758998557003;350000;0;29;29;0;1;0
Scenario8;35;91,7293233082707;285,00110541894;475,409146197653;3,52641589715636;343000;0;28;28;0;1;1
Scenario8;36;92,8571428571429;280,004842114695;497,539572030003;2,08851085764984;318500;0;26;26;0;0;6
Scenario8;37;90,8396946564885;284,828956987128;440,374248517271;4,23066408633199;330750;0;27;27;0;2;2
Scenario8;38;93,1297709923664;300,321766083174;430,394019537405;4,91984765790454;330750;0;27;27;0;1;6
Scenario8;39;93,0232558139535;291,427235031774;422,617427117572;3,96268278347977;330750;0;27;27;0;2;4
Scenario8;40;90,5405405405405;275,485704598111;467,191004378546;5,15444228130337;374500;0;31;31;0;1;3
Scenario8;41;96,09375;283,353577865896;450,645625072542;3,51902028729153;330750;0;27;27;0;0;0
Scenario8;42;84,7222222222222;287,954806332577;433,762906628741;19,7715783376058;367500;0;30;30;0;2;3
Scenario8;43;94,9579831932773;285,045382418809;461,167801001112;2,94872651873206;301000;0;25;25;0;0;1
Scenario8;44;92,96875;270,531743687032;452,698174965029;3,36018854884833;330750;0;27;27;0;0;4
Scenario8;45;91,9642857142857;285,793673503138;468,706725459149;3,43764314741936;294000;0;24;24;0;2;5
Scenario8;46;92,0863309352518;280,237817442689;440,703093599549;5,60358006285472;343000;0;29;29;0;7;4
Scenario8;47;84,7222222222222;276,774914583583;470,383734810889;10,8739575636198;367500;0;31;31;0;2;5
Scenario8;48;89,7959183673469;304,576817378872;402,4387914596;7,43801776452166;374500;0;31;31;0;0;4
Scenario8;49;83,7837837837838;279,914128951875;396,94639405742;11,6735917902838;374500;0;31;31;0;2;8
Scenario8;50;95,2;292,883297660814;467,301096219644;1,68755139478398;325500;0;27;27;0;0;6
Scenario8;51;89,2561983471074;288,765307930074;472,534325779835;14,2388493693543;318500;0;26;26;0;2;8
Scenario8;52;84,1772151898734;278,914687081512;408,780279364113;10,4258195547993;404250;0;33;33;0;8;6
Scenario8;53;94,6564885496183;274,242881438353;469,130806800749;4,62068834345243;330750;0;27;27;0;1;4
Scenario8;54;89,051094890511;294,688210479972;429,599921017189;9,0002870637221;355250;0;30;30;0;3;8
Scenario8;55;87,6923076923077;307,357403526289;461,408307530057;20,9321793361557;330750;0;27;27;0;1;3
Scenario8;56;92,5;272,821330680215;468,036695005876;3,20046714031415;306250;0;25;25;0;4;3
Scenario8;57;92,7007299270073;281,849118265483;420,485689601161;2,2152975856845;343000;0;28;28;0;1;1
Scenario8;58;92,9133858267717;300,163336916926;465,787489181442;10,3674430478973;318500;0;27;27;0;1;10
Scenario8;59;92,3664122137405;278,934029140472;437,95756127975;4,72584571242962;337750;0;28;28;0;1;5
Scenario8;60;91,7910447761194;273,347216588543;495,279204988352;5,74795276644623;343000;0;28;28;0;1;2
Scenario8;61;99,21875;264,05573866915;494,700834856601;0,0539361428642504;330750;0;27;27;0;0;4
Scenario8;62;79,7101449275362;278,086707640661;447,914483270006;20,9558826851865;350000;0;29;29;0;1;4
Scenario8;63;88,4057971014493;295,329977076323;431,187210339894;6,71553474868933;343000;0;29;29;0;0;3
Scenario8;64;93,0379746835443;276,544298449915;396,567888209779;4,74666341709199;404250;0;33;33;0;1;4
Scenario8;65;93,7007874015748;287,250079197492;471,268854856162;5,85521650624913;325500;0;27;27;0;0;5
Scenario8;66;93,3823529411765;274,868656306404;438,568569615365;6,62889800238774;343000;0;28;28;0;0;6
Scenario8;67;93,3823529411765;274,360246347314;452,296367201599;1,96117304631535;355250;0;29;29;0;2;4
Scenario8;68;78,343949044586;292,574597079312;386,651958547872;24,8319866235771;411250;0;34;34;0;6;3
Scenario8;69;85,6115107913669;303,15986531463;416,954738927011;11,8099373479493;355250;0;30;30;0;3;4
Scenario8;70;91,2751677852349;274,467267844759;385,803020891848;5,62789631739979;379750;0;31;31;0;0;2
Scenario8;71;85,6060606060606;298,965017530307;420,332391797131;11,4411123547363;337750;0;28;28;0;3;4
Scenario8;72;94,7368421052632;285,312240208676;408,37889572536;5,75861536859035;337750;0;28;28;0;3;1
Scenario8;73;81,25;278,81655451862;432,895892338678;13,1200282349613;362250;0;30;30;0;0;4
Scenario8;74;95,3271028037383;303,95007224643;488,497101569909;3,25721767322498;281750;0;23;23;0;4;3
Scenario8;75;87,6712328767123;287,810237386581;408,833894583978;7,10329316350825;379750;0;31;31;0;1;3
Scenario8;76;90,3225806451613;295,411744094471;477,783479630219;6,31437761702724;318500;0;26;26;0;2;3
Scenario8;77;87,0588235294118;271,586291791476;406,333585674214;11,1586860811447;435750;0;36;36;0;4;3
Scenario8;78;83,2335329341317;290,754439497197;375,40810909022;12,8864877474859;428750;0;35;35;0;5;4
Scenario8;79;92,8571428571429;287,456478100091;486,0802469347;3,43518499053921;294000;0;24;24;0;2;2
Scenario8;80;97,3214285714286;260,891870189453;486,20422581585;0,953109715422493;294000;0;24;24;0;1;6
Scenario8;81;97,5;285,912587005792;472,105185256115;0,714473553652954;306250;0;25;25;0;5;5
Scenario8;82;87,6923076923077;294,001187236904;443,638266770656;7,9494015700103;330750;0;27;27;0;2;2
Scenario8;83;97,7941176470588;274,571467577318;457,717610058013;1,56620452174812;350000;0;29;29;0;3;6
Scenario8;84;89,2086330935252;277,980282940659;458,614195035314;8,96956776939953;355250;0;29;29;0;2;0
Scenario8;85;84,4444444444444;274,246348038366;397,798113139713;10,79715142438;350000;0;29;29;0;2;1
Scenario8;86;91,2162162162162;270,609318428696;441,714638924832;3,92276881585611;374500;0;31;31;0;4;3
Scenario8;87;90,2985074626866;278,95948212362;448,533507482819;5,38471371865904;343000;0;29;29;0;3;0
Scenario8;88;93,4306569343066;270,643335738281;432,419395669975;4,31660023742218;355250;0;29;29;0;2;4
Scenario8;89;85,0931677018634;303,769068048775;401,204286169484;14,0319953948476;411250;0;34;34;0;1;3
Scenario8;90;92,0289855072464;285,55212842278;448,482018622898;12,8792896801259;355250;0;29;29;0;0;5
Scenario8;91;88,28125;294,010123200226;424,938874306503;8,59599896841126;313250;0;26;26;0;1;1
Scenario8;92;94,1176470588235;277,471924234448;463,393440430267;2,54713277839802;306250;0;25;25;0;2;3
Scenario8;93;84,5637583892617;294,808144923469;413,11503859599;15,6073709300075;379750;0;31;31;0;1;4
Scenario8;94;92,0634920634921;291,20807688238;454,416936433107;8,22713146916682;325500;0;27;27;0;1;4
Scenario8;95;88,28125;295,044984883963;483,870692478952;6,24121370580928;330750;0;27;27;0;2;4
Scenario8;96;94,5736434108527;259,941725566697;466,293477560848;1,95568868368892;330750;0;27;27;0;5;0
Scenario8;97;93,8053097345133;297,202693724331;456,64530654198;2,29320008264701;294000;0;24;24;0;0;9
Scenario8;98;90,1515151515152;287,49568417559;456,468944568301;10,7623871963652;343000;0;28;28;0;0;2
Scenario8;99;85;284,765746217045;458,116971975775;6,87517866678138;306250;0;25;25;0;2;6
Scenario8;100;89,922480620155;303,13714775528;418,978892000504;11,4190356315274;330750;0;27;27;0;3;3
Scenario9;1;95,1048951048951;285,550718288988;446,662762190591;2,95989932925374;363000;0;35;35;0;2;0
Scenario9;2;95,4954954954955;300,590768044078;515,945609539323;1,91303033583131;279000;0;27;27;0;2;4
Scenario9;3;92,0634920634921;321,136864578217;451,99204989826;9,4919898561913;325500;0;31;31;0;0;0
Scenario9;4;95,1724137931034;282,970261777019;490,120512595331;3,33839294008549;373500;0;36;36;0;2;15
Scenario9;5;98,2608695652174;286,270319110029;558,937218994472;1,82042460613989;294000;0;28;28;0;1;0
Scenario9;6;93,3823529411765;311,435037308317;475,585442400391;6,85361376244902;346500;0;33;33;0;2;6
Scenario9;7;91,7910447761194;290,921814289222;489,1680610754;6,27966601211241;346500;0;33;33;0;5;2
Scenario9;8;94,4;315,582599459578;480,182038248416;3,51773995694904;321000;0;32;32;0;5;5
Scenario9;9;98,2142857142857;277,252252097477;535,769205269016;1,13851499020188;283500;0;27;27;0;0;1
Scenario9;10;94,53125;278,380876970444;517,95561700234;3,71109091234876;325500;0;31;31;0;2;0
Scenario9;11;92,6829268292683;296,129432616777;503,482282936351;4,20550233447639;315000;0;30;30;0;0;1
Scenario9;12;91,8367346938776;307,728801447255;461,854184573106;6,44422003707874;363000;0;36;36;0;3;6
Scenario9;13;96,1538461538462;305,910913101829;488,989299740239;4,29246726868273;325500;0;32;32;0;2;5
Scenario9;14;94,3089430894309;294,933119143949;505,751618693147;3,22029132103323;315000;0;30;30;0;4;0
Scenario9;15;94,0298507462687;289,281757718365;512,558841571331;3,82996309185701;336000;0;32;32;0;1;5
Scenario9;16;92,0863309352518;293,681571346858;470,17779041276;6,88515253557309;352500;0;34;34;0;3;3
Scenario9;17;94,53125;310,549673816137;484,629249119561;2,77789104646849;331500;0;32;32;0;0;6
Scenario9;18;91,044776119403;292,561979493212;499,640485187101;4,44395160641145;346500;0;33;33;0;0;2
Scenario9;19;87,1794871794872;313,057480937865;418,114206053099;12,1908088527384;399000;0;39;39;0;2;8
Scenario9;20;98;293,152478444877;479,747369251751;0,387051623721015;378000;0;36;36;0;4;8
Scenario9;21;96,09375;300,311217533825;522,846767714091;0,617046510233405;325500;0;31;31;0;0;4
Scenario9;22;95,9016393442623;283,224670237859;523,65866594257;4,09955034980397;315000;0;30;30;0;1;2
Scenario9;23;95,2380952380952;298,980206410443;444,192086343373;8,04014613951228;378000;0;36;36;0;6;0
Scenario9;24;95,4954954954955;297,996959882427;520,14986706335;1,51618553535616;283500;0;27;27;0;4;0
Scenario9;25;97,1223021582734;296,946393101825;464,348064881189;0,464233406714221;363000;0;35;35;0;0;1
Scenario9;26;98,3739837398374;298,004054217838;506,266556262625;0,271321515227658;310500;0;31;31;0;4;4
Scenario9;27;94,2622950819672;298,541398169643;540,862367730256;1,72983662904309;310500;0;30;30;0;0;4
Scenario9;28;90,1408450704225;285,792377964759;490,098235594781;3,65677130611172;367500;0;35;35;0;2;1
Scenario9;29;94,6428571428571;307,376167866456;507,49607730206;4,50261862209612;283500;0;28;28;0;2;4
Scenario9;30;90,625;287,275507378832;454,252159837551;6,33000049641199;409500;0;40;40;0;4;3
Scenario9;31;99,1525423728814;292,472632801471;503,477201157072;0,180449350606036;304500;0;29;29;0;1;4
Scenario9;32;94,9640287769784;290,633462782206;492,685291768935;4,53410650766518;352500;0;34;34;0;0;2
Scenario9;33;96,4912280701754;299,099430821604;529,705652624733;2,22846230226018;294000;0;28;28;0;2;7
Scenario9;34;96,2406015037594;306,020718784295;483,51245330576;1,78948221157906;336000;0;32;32;0;4;5
Scenario9;35;96,4028776978417;278,80103983169;508,162652073825;0,493149364013393;346500;0;33;33;0;4;5
Scenario9;36;96,1240310077519;298,580290796246;516,783237420415;3,39722232634237;325500;0;31;31;0;2;7
Scenario9;37;91,5492957746479;280,110720578602;478,363626640289;3,4268475157461;357000;0;35;35;0;0;4
Scenario9;38;96,1240310077519;297,059393829352;515,981071605759;1,30145329889955;325500;0;31;31;0;1;1
Scenario9;39;98,4848484848485;301,436039185912;497,495180352122;0,631172616889266;331500;0;32;32;0;1;3
Scenario9;40;95,1388888888889;298,966468857438;477,355375331224;4,1452191556914;378000;0;36;36;0;0;4
Scenario9;41;96,6386554621849;303,76342067117;499,275233719325;1,04144450238439;306000;0;30;30;0;3;2
Scenario9;42;93,0232558139535;274,811091127106;519,46552075704;3,13428872045116;325500;0;31;31;0;1;1
Scenario9;43;88,8111888111888;298,984620211729;444,972749840254;8,12347932648433;357000;0;35;35;0;1;4
Scenario9;44;93,9393939393939;288,885159744231;453,196914550199;2,81165788914834;336000;0;33;33;0;0;2
Scenario9;45;98,3606557377049;280,707464235254;531,657589209761;0,707442249422753;310500;0;30;30;0;2;3
Scenario9;46;95,6834532374101;295,517326664471;479,258614544998;2,36793940489436;363000;0;35;35;0;2;3
Scenario9;47;92,7007299270073;294,831131815515;473,153290800455;8,10302182900428;357000;0;34;34;0;0;4
Scenario9;48;93,3333333333333;312,151555086426;453,705034661186;4,08970918486439;346500;0;33;33;0;0;6
Scenario9;49;93,0434782608696;293,765211018691;520,824532610503;3,36207537653967;294000;0;28;28;0;6;6
Scenario9;50;94,53125;298,936494363425;496,451327525374;1,95673682164239;325500;0;32;32;0;2;2
Scenario9;51;98,2758620689655;296,880096222066;501,234830182831;1,21333966054478;289500;0;28;28;0;0;6
Scenario9;52;96,8253968253968;293,910325866813;504,071969750391;1,31017157060871;321000;0;31;31;0;2;6
Scenario9;53;88,8888888888889;303,295030642957;461,099651438287;11,2356288308215;388500;0;37;37;0;2;4
Scenario9;54;92,2480620155039;303,144519786912;484,018284634482;3,07896560348619;336000;0;32;32;0;1;1
Scenario9;55;87,8571428571429;299,238834342163;449,201685108671;14,9688334608473;363000;0;35;35;0;0;7
Scenario9;56;98,3471074380165;284,777712873882;501,784744510208;0,63511495913797;310500;0;30;30;0;3;6
Scenario9;57;93,3333333333333;305,622800462106;461,009912423079;1,23926658461519;346500;0;33;33;0;1;0
Scenario9;58;89,6296296296296;316,631793437043;459,108572194584;4,87601675259744;346500;0;33;33;0;2;5
Scenario9;59;94,6564885496183;296,858647158795;515,980138165087;3,08705981039365;336000;0;32;32;0;3;0
Scenario9;60;97,6190476190476;295,975983215007;495,932797166719;0,572033779472053;325500;0;31;31;0;1;3
Scenario9;61;90,5109489051095;297,953370889419;492,466085702659;7,24302456030915;346500;0;33;33;0;1;6
Scenario9;62;98,3193277310924;292,944590865891;493,425991323768;0,54095159701302;310500;0;30;30;0;0;4
Scenario9;63;96,0629921259843;291,271782737243;481,319213701989;1,8931155378214;331500;0;32;32;0;0;3
Scenario9;64;92,5925925925926;310,947241805563;450,061247275125;5,0441427747851;342000;0;33;33;0;2;6
Scenario9;65;97,5;310,85747953862;532,006769431483;3,12328843526087;304500;0;29;29;0;1;0
Scenario9;66;97,65625;289,755034767157;517,074188419744;2,04677895430433;321000;0;31;31;0;0;3
Scenario9;67;95,2;301,550811688825;502,686147865594;2,95448539318423;321000;0;31;31;0;4;3
Scenario9;68;96,2962962962963;288,604396241589;496,46028472656;1,7564167575402;342000;0;33;33;0;4;4
Scenario9;69;94,9640287769784;297,355746948043;452,405232882642;3,76284268814399;357000;0;34;34;0;0;3
Scenario9;70;94,7368421052632;270,141661325991;504,918753933635;3,2948222998736;331500;0;32;32;0;2;1
Scenario9;71;95,9349593495935;322,892048335866;491,299696342585;3,48276056949205;315000;0;30;30;0;4;7
Scenario9;72;95,3703703703704;311,944155036647;505,698306300496;3,12802179267667;279000;0;27;27;0;2;3
Scenario9;73;96,6666666666667;302,502606444085;496,875670814889;3,26056739706571;304500;0;29;29;0;3;2
Scenario9;74;93,1506849315068;282,938789314694;457,074626724039;1,55225309804719;373500;0;36;36;0;4;6
Scenario9;75;90,7692307692308;304,222614743012;490,067549893131;7,67163289069888;325500;0;31;31;0;0;3
Scenario9;76;98,3193277310924;274,882407635851;554,631972318185;1,04915276767817;310500;0;30;30;0;0;17
Scenario9;77;92,4242424242424;302,944840552646;489,310170981045;3,04891613014215;336000;0;32;32;0;0;0
Scenario9;78;88,8059701492537;284,315915630526;495,215499236664;7,30325961764714;346500;0;33;33;0;0;7
Scenario9;79;94,5205479452055;292,112193937825;466,963642228624;1,91081878884615;373500;0;36;36;0;0;6
Scenario9;80;90,6976744186046;335,06625967909;464,449230887096;4,11373948086216;325500;0;32;32;0;2;2
Scenario9;81;94,5205479452055;282,982967155175;471,554387940451;4,32118633615552;373500;0;36;36;0;5;0
Scenario9;82;97,65625;288,877891799274;517,533226124947;1,02179804282105;336000;0;32;32;0;3;5
Scenario9;83;91,6030534351145;292,813344038997;526,57241829552;7,38647014754418;331500;0;32;32;0;1;8
Scenario9;84;94,9152542372881;306,166953886596;528,343128284345;1,85195392886855;294000;0;29;29;0;0;3
Scenario9;85;94,4444444444444;288,125489089873;467,915485737629;3,10099746556907;378000;0;36;36;0;3;6
Scenario9;86;95,0413223140496;283,542039448963;533,06756695783;4,02087248264677;315000;0;30;30;0;1;5
Scenario9;87;94,1176470588235;312,687270436629;455,551044436443;4,85722186707284;357000;0;34;34;0;3;6
Scenario9;88;96,6666666666667;282,877068870577;485,686430936958;1,72670241317677;304500;0;30;30;0;1;2
Scenario9;89;91,304347826087;290,782582974322;426,744825946983;5,1453482573861;409500;0;39;39;0;1;4
Scenario9;90;93,6619718309859;321,290219293207;437,715655958679;5,4645384501907;357000;0;34;34;0;0;2
Scenario9;91;95,2;304,984262795059;525,041880918664;1,58684300884433;310500;0;30;30;0;1;2
Scenario9;92;96,8253968253968;328,082525306673;464,441661990204;1,87366551605557;325500;0;31;31;0;3;6
Scenario9;93;94,4444444444444;296,512044408669;500,386676631607;5,31971423230137;325500;0;31;31;0;3;3
Scenario9;94;95,6204379562044;294,33516752414;486,262245811889;2,69343073177331;357000;0;34;34;0;2;7
Scenario9;95;92,3728813559322;290,28020689537;517,780973150933;2,9212230564605;304500;0;29;29;0;3;4
Scenario9;96;94,5736434108527;326,735240230775;453,776376381386;2,00374126744639;325500;0;32;32;0;4;4
Scenario9;97;96,2962962962963;285,526617433105;495,016445590541;3,27318919145883;348000;0;34;34;0;6;6
Scenario9;98;84,1666666666667;318,838820037088;479,755848576537;11,895986932604;315000;0;30;30;0;0;1
Scenario9;99;92,3076923076923;290,212714491066;490,996621947258;4,06503267104357;336000;0;32;32;0;0;6
Scenario9;100;84,8684210526316;325,232571638982;431,563633571556;16,5716330770138;388500;0;37;37;0;2;17
