Replication;scarcity3;scarcity2;scarcity1;EnvironmentalDisasterChanceB;EnvironmentalDisasterChanceA;TimeToRepair2;TimeToRepair3;TimeToRepair1;CountBetweenFaillures3;CountBetweenFaillures2;CountBetweenFaillures1;DelayTimeB;TravelTime3;TravelTime2;DelayTimeA;TravelTime1;FailedRawOrder3;FailedRawOrder2;FailedRawOrder1;OrdersS3;OrdersS2;OrdersS1;Costs;NumberBackOrdered;AvarageQInStock;AvarageLeadTime;OrderFillRate
1;16,072354641169;16,9387135828121;NaN;5,87144799861643;3,29765663047632;629,510553252466;684,888269760543;647,334760179318;41,3617124525761;43,0590886358793;75,3061088210119;NaN;768,577206771787;152,465544807668;1124,4755652081;NaN;9;0;0;27;27;0;330750;2,37530324156615;412,963174632819;285,139834721604;94,7368421052632
2;15,9876369503723;17,0584744490445;NaN;5,74195566314406;3,67632217065797;662,987494346847;641,396093506598;595,187836236419;39,0658386722849;43,7110483814548;74,6506383065379;849,306844023519;692,020354951994;168,229883154849;519,561030349845;NaN;2;0;0;28;28;0;343000;5,18565173775485;442,859036027812;273,917883064126;93,3823529411765
3;15,9723947003246;16,9401360462937;NaN;6,96419477862892;3,99601644857062;662,287078052279;677,053409660388;631,604845755788;42,8573649286948;42,4156148105653;72,1041982423661;859,158262831729;754,14136092379;175,440604062296;NaN;NaN;6;1;0;27;27;0;325500;6,19240081420927;455,126597357447;294,339436712632;92,1875
4;16,1182778219276;16,8332937782106;NaN;6,39865583463989;3,68685924639957;569,986869547788;679,450196177197;552,889349097441;41,7886224354583;45,9184648373371;72,5526593212271;627,554734147712;715,972248558932;161,695241191341;549,604471192613;NaN;4;4;0;29;29;0;355250;5,60595011054443;434,159664493314;291,610734108481;94,1605839416058
5;16,0130237919461;16,9874195394313;NaN;6,14529029965135;3,64675911697226;663,878912726263;607,970151143272;669,128717389355;42,5268514633977;46,6932865099981;75,1315928262193;NaN;784,753766300985;184,367519541105;1006,26900549943;NaN;0;4;0;28;28;0;343000;12,9331683202604;419,150579126361;311,116508361173;87,9699248120301
6;16,0516950112609;16,9304504444272;NaN;5,42905716175357;3,6619944232516;642,57858151052;584,90822263464;576,498222531835;37,6878865708907;48,0429708369076;77,1627775009869;NaN;709,308653665496;202,924510616547;952,124413086503;NaN;8;7;0;26;26;0;318500;5,68354845718972;449,202838807483;288,096007707977;89,6825396825397
7;15,9753259591372;17,0624966384993;NaN;5,96415848986191;3,55723641217029;661,031606909127;597,0122587267;650,253093012204;40,2943406485278;47,3861722125672;74,4195311697886;NaN;676,69790783196;156,628904147679;402,52265135719;NaN;5;2;0;34;34;0;411250;4,51710091884413;443,873000426707;264,854193642632;95,5128205128205
8;16,048998158685;17,1642442743501;NaN;6,65748211775941;3,84844733321936;632,808025080642;630,663100781859;581,248799381259;38,6861244251887;44,6096226358269;73,9986277678001;948,765473555218;701,828909459126;163,880277258131;963,118195998836;NaN;1;0;0;27;27;0;325500;9,00417631898412;451,014775448604;277,40423672361;90,9774436090226
9;15,9796754449975;16,9764338445051;NaN;6,1590797331805;3,49880247453693;725,436626240224;657,465885525677;572,966767933102;38,7828199273168;45,5783648245968;73,922612416607;1167,35839376809;686,344724718047;153,795915753826;NaN;NaN;8;5;0;30;30;0;362250;7,72893348281173;448,822166020863;271,338111382272;88,8111888111888
10;16,0317350800777;16,9539741455175;NaN;5,78993070981017;3,46839213223817;602,015522805823;677,137232263639;616,044058779985;37,4167028393853;43,533903836256;74,6250394794257;1030,10430180059;719,665585701473;182,669077419081;NaN;NaN;1;8;0;27;27;0;330750;7,29510915567377;441,216747901937;299,368170531574;88,5496183206107
11;16,0741306163789;17,0919967721252;NaN;5,38190627981338;3,12353904018058;651,697785606407;622,581021206773;618,503320996386;39,3080595742654;45,3749414021149;73,4844929347501;615,919255230747;655,870623170026;183,516798431239;633,505468667845;NaN;9;3;0;31;31;0;379750;18,9697740490379;420,317943278461;291,203264625615;84,5637583892617
12;16,0555911356757;16,9701801647639;NaN;5,78590667489226;3,49310117657296;665,263834566788;629,983725006577;581,834609954155;37,1936338103066;45,5582299235707;73,8644456723705;936,412289862852;715,001865578946;171,306304379918;1065,86197688292;NaN;4;2;0;27;27;0;330750;8,64960703538614;449,091549500574;307,139267171055;86,8217054263566
13;15,8701396072051;16,9686820620171;NaN;5,95941421307623;3,51207955673337;626,344343850062;650,30091257951;619,735376200548;37,1748392813807;43,5957055740679;73,0658852511184;538,965548216265;682,30023995462;164,911054501506;665,237347183811;NaN;6;2;0;25;25;0;294000;6,27692528759266;457,676597661798;284,518515238055;88,9830508474576
14;15,9504024622008;16,9173876253866;NaN;4,70972077106988;3,52498532878235;668,131211196934;665,492378484814;695,928491617486;39,6565974364057;43,5698207250486;77,1827948702655;1202,77072262992;737,55993366774;175,27165222914;1111,41341043346;NaN;2;3;0;27;27;0;325500;2,80697699059837;438,755066863601;299,18819401791;94,53125
15;16,0591139808142;17,0253961130088;NaN;6,19460763485619;3,5576555934062;659,480770753478;671,409631741378;602,32721720474;38,3093677933461;46,3663105355003;74,2863848246634;1129,7807043571;764,465189630974;154,453350657536;769,056300651701;NaN;1;2;0;27;27;0;325500;3,22094481198955;430,683803252205;287,234377031187;92,8571428571429
16;15,9624442986141;17,013124441473;NaN;6,07528148733079;3,53116226129234;595,043300827083;636,775126082823;595,788516312015;37,5426774121949;45,0761426467862;76,6232742744155;538,231081251686;649,342797845974;139,781735529266;NaN;NaN;5;3;0;25;25;0;306250;1,44358191213057;500,360055729796;262,177835612803;97,4576271186441
17;16,0748490425065;16,944410416317;NaN;5,74134999597124;3,46462139614922;629,584397477688;654,773997282702;666,640271029704;43,5530605301675;45,6073928818716;71,1348888330701;NaN;725,123346048591;173,417121380124;NaN;NaN;6;4;0;29;29;0;350000;5,0308119773715;404,953398963947;274,001983238055;90,6474820143885
18;16,1150915387065;17,1499467261653;NaN;6,66378970030281;3,51953760754421;611,030546807226;627,723820800523;574,252544328639;37,0315956103926;43,1224381648436;74,5636305378407;847,226125714383;641,03900212738;202,860850351749;603,245343973834;NaN;3;0;0;27;27;0;330750;12,7969615176656;382,378155448567;310,82052310102;90
19;15,835892046245;17,0358711007478;NaN;5,90079871924787;3,59533832580301;621,52527702684;606,884575887369;578,462829459631;43,2576372364669;42,2893243011952;75,3285316770014;919,004494206432;717,918916253807;183,769172310915;703,458371874708;NaN;3;0;0;29;29;0;350000;7,33134841349491;420,205466340701;299,280432821801;89,2086330935252
20;16,0348597257756;17,0664841169745;NaN;5,31022817268968;3,47110603186725;579,27694077774;636,138650580412;628,204605424429;44,0225293604588;43,6375374845063;74,5304831393112;548,334233889619;735,240737567925;177,100781500302;258,874809305564;NaN;3;4;0;33;33;0;404250;9,84861684271323;445,240976479861;287,182804227601;85,1612903225806
21;16,0449603618775;16,9598745100755;NaN;5,96709664841183;3,36639290598396;629,907409279876;606,089304889315;659,052309759366;39,2063969200284;45,0247194883951;73,6524014255816;529,330158792191;733,188352636055;137,547994058225;NaN;NaN;4;3;0;32;32;0;386750;3,12018599369231;455,870939151379;277,478742016898;93,2885906040269
22;16,0205932088755;17,0095447757654;NaN;6,15955267511308;3,57616585372016;614,156674092602;670,52722089805;691,814260786208;46,6381903462112;43,0284970178868;74,7696936374996;879,728381296658;686,071723919196;196,335212104383;NaN;NaN;4;1;0;30;30;0;367500;5,27775667230393;405,300676448408;291,47075844956;92,3611111111111
23;16,0754838143103;17,0034558497649;NaN;6,06485121895469;3,34015494274847;619,074897026721;633,249437646978;665,452146022517;39,443528665037;45,8616769175905;72,6990219688435;684,84222533973;786,859658177558;148,253967308021;NaN;NaN;7;4;0;31;31;0;367500;5,13752661109196;386,884602865615;297,093584199069;91,0344827586207
24;16,0072558068572;16,9023135273019;NaN;5,71222840831615;3,06004896128434;609,049568030744;638,292714917818;612,109870113293;41,0744040346305;43,8158799845001;74,5263584569636;1009,89341140222;705,658279130795;164,339278693724;NaN;NaN;2;1;0;24;24;0;288750;1,6836225628044;483,967336743933;284,527783767807;95,4954954954955
25;15,8357004465908;16,8556920348294;NaN;6,01693538694332;3,48031338476576;697,674086828543;737,469275269865;554,988801889629;38,4225336303589;47,018823800236;73,2266948672477;902,771555461864;742,73500352619;176,277109668934;NaN;NaN;17;0;0;30;30;0;367500;6,61114114324756;402,095250290289;294,962801359959;95,0354609929078
26;16,0060532879917;17,0012673696087;NaN;6,62196650805658;3,79180700632198;603,110309259913;620,370280420403;521,465155798948;40,9221250412921;43,2557667693722;75,9468037434854;800,504197251124;696,758287242476;162,755536371893;NaN;NaN;2;0;0;29;29;0;343000;4,46378258200932;471,640797782029;277,873547295635;91,1111111111111
27;16,0570446198848;17,1249750886902;NaN;4,790455635504;3,57353687668053;652,272397369891;590,468988189845;550,222300840825;42,2063883440569;44,5833407092589;75,9600317972026;NaN;738,765557045632;181,8971957835;NaN;NaN;3;1;0;28;28;0;337750;1,28956910261223;448,524213731533;277,588316532766;95,4545454545455
28;16,0826780754645;16,9953689937014;NaN;5,88715013450322;3,52917861469905;632,642777592064;617,559956580588;597,034393106864;36,8708634767681;45,2850221187915;74,4704877108483;782,475142671562;761,66518813663;164,317559014318;NaN;NaN;5;0;0;24;24;0;288750;3,45875506238372;459,686241022674;283,094487544447;94,0677966101695
29;16,0670992458826;17,0675761131074;NaN;6,05858231965324;3,66279485682828;583,131390751195;706,679225154817;619,636116331642;40,8078435735984;47,3232069896319;75,5841012216957;NaN;719,026246275696;192,463815648149;NaN;NaN;1;2;0;29;29;0;350000;5,83623351019643;481,090188291684;272,948937128678;89,7058823529412
30;16,2703922424541;17,0289491083056;NaN;5,39316024941703;3,68785116021172;648,786575408456;659,57204882706;545,887526982617;39,0793933852443;44,2132477922779;76,9855428554461;NaN;712,407903519964;166,477239430216;NaN;NaN;3;3;0;24;24;0;288750;0,414625375831835;496,279156335588;267,309734654921;95,7264957264957
31;15,9480373994878;17,0555933838579;NaN;5,34599206788356;3,39824128171484;587,859985566492;646,646836187299;732,456110218057;38,3997846677386;47,9185192141897;75,7657175328738;784,879267635149;672,634551427025;169,965304289388;579,395398034422;NaN;7;0;0;34;34;0;411250;13,1507741185638;425,773898147747;276,253440443844;83,8709677419355
32;15,8329405712808;16,978342255029;NaN;5,95845891635067;3,41690751404635;609,720611574643;579,487508565026;548,317115316251;40,0053250613012;46,0473673523834;74,0938828652725;548,543261187965;699,019286087958;177,653208105876;430,779330034877;NaN;5;0;0;28;28;0;330750;7,41857307132787;441,065336987822;276,716962357696;90,8396946564885
33;15,8674546545371;16,9404666850621;NaN;5,57966351010171;3,74442793680022;609,733721790894;686,108100554647;576,205864877432;42,430211076237;43,9645791162426;77,9525014331662;742,243709918806;729,019504463961;146,515267031614;NaN;NaN;3;0;0;28;28;0;337750;9,20392976478199;449,657193531544;285,309036495998;88,5496183206107
34;15,9782923523782;16,9570527038498;NaN;5,9780751744221;3,80074525311397;653,403671191408;619,166569984947;611,754891613767;41,5609250320787;43,1295144118162;75,1035029240149;669,444232677187;793,87423029294;162,112458122507;554,84716588693;NaN;0;1;0;29;29;0;350000;7,5758998557003;398,4217332484;300,211829411037;89,7058823529412
35;15,945651893832;17,050715479762;NaN;5,88371806139393;3,33603897349011;569,696222966522;631,266383732333;607,548450863878;37,9884885566245;43,7049158709124;73,7529012243459;896,265037725569;714,444291121173;175,939151085035;NaN;NaN;1;1;0;28;28;0;343000;3,52641589715636;475,409146197653;285,00110541894;91,7293233082707
36;16,0963677722029;17,0735136523063;NaN;5,27842316253541;3,66479483128597;644,278677430906;561,977536592848;666,519377656574;39,4846899913003;41,8919635827964;74,9974474744675;814,474817420803;724,469781673903;156,545002722877;NaN;NaN;6;0;0;26;26;0;318500;2,08851085764984;497,539572030003;280,004842114695;92,8571428571429
37;16,1100488056667;17,048018920701;NaN;5,68683996265409;3,68744510725244;614,213503991804;642,357760520505;666,784104640271;41,5128919871391;43,5294653889206;76,7126443054682;666,135659420892;719,6651392876;189,752494152057;561,231692457897;NaN;2;2;0;27;27;0;330750;4,23066408633199;440,374248517271;284,828956987128;90,8396946564885
38;15,8449182456662;17,0690307800451;NaN;6,51833415341874;3,4636404833032;644,974258673421;700,081744583267;623,307915296905;38,6145775033427;45,6335888723305;72,459579572008;931,362601777747;708,207161202358;157,81752416656;476,167746123036;NaN;6;1;0;27;27;0;330750;4,91984765790454;430,394019537405;300,321766083174;93,1297709923664
39;16,0083806276386;17,1939400303178;NaN;5,82163715286663;3,55777620754412;548,421764461556;579,716070224702;590,772172384059;43,606200985544;46,6917437953978;72,8673988429977;562,471072763667;737,478124434666;160,588587678478;695,379478601742;NaN;4;2;0;27;27;0;330750;3,96268278347977;422,617427117572;291,427235031774;93,0232558139535
40;16,0693092807493;16,9571184487283;NaN;6,25927347641799;3,67629900617495;604,998626788108;590,117470155603;665,185347777712;37,4298093513015;46,6783406386653;75,2922039673043;762,715257867113;732,20670934791;135,269801206184;NaN;NaN;3;1;0;31;31;0;374500;5,15444228130337;467,191004378546;275,485704598111;90,5405405405405
41;15,9149952013652;17,0279553353993;NaN;5,98720860012152;3,55223221018807;622,574745201531;668,939033752623;668,372428466596;38,7086718388159;46,6620638714029;77,54983084936;NaN;679,610472975368;185,417268842497;869,127031610722;NaN;0;0;0;27;27;0;330750;3,51902028729153;450,645625072542;283,353577865896;96,09375
42;15,9399055729341;17,063669736525;NaN;5,78456943624963;3,29192631482147;648,465415579242;611,737180437543;677,649144012485;40,0714123123807;44,5635210608956;76,4201748394407;1050,99325660162;756,273335006039;163,234878992976;533,085249115324;NaN;3;2;0;30;30;0;367500;19,7715783376058;433,762906628741;287,954806332577;84,7222222222222
43;15,8800249150477;17,0232530132052;NaN;6,40490423634648;3,28694915002212;702,459086716662;601,620763279757;793,929992923457;39,1728049917147;45,4898912756704;74,3658759150033;677,092543005666;704,679867686582;160,79374673405;NaN;NaN;1;0;0;25;25;0;301000;2,94872651873206;461,167801001112;285,045382418809;94,9579831932773
44;15,9846411523474;16,9601278920658;NaN;5,58152536006161;3,49663238455024;668,613099022984;601,973617148307;590,265371206725;39,1632528815033;45,0921618502336;72,5399457320179;1080,58356822171;689,749570415705;156,379563510831;NaN;NaN;4;0;0;27;27;0;330750;3,36018854884833;452,698174965029;270,531743687032;92,96875
45;16,0168141549527;16,8894000929897;NaN;6,28567039244808;3,52176276932005;615,134183531148;640,81070084907;619,734596679658;42,6777078325136;44,9675140760115;76,7796750712053;914,265717902361;700,678847539532;173,347005961306;957,74280626373;NaN;5;2;0;24;24;0;294000;3,43764314741936;468,706725459149;285,793673503138;91,9642857142857
46;16,2308413134591;16,9347316932647;NaN;5,1001873753708;3,45772810407176;669,630729158761;668,160003172539;653,6149547093;36,7983529196474;46,3648936729878;73,439486930637;NaN;736,580103231311;193,778098586447;722,565397263915;NaN;4;7;0;29;29;0;343000;5,60358006285472;440,703093599549;280,237817442689;92,0863309352518
47;16,1104777050585;17,0332062892963;NaN;5,84882503753949;3,2904469346207;676,393383491358;665,218483443195;635,226572704704;43,4570078510377;45,3098300026837;74,4445830861744;NaN;678,942355142219;199,552846204382;825,326399170974;NaN;5;2;0;31;31;0;367500;10,8739575636198;470,383734810889;276,774914583583;84,7222222222222
48;15,9756670599917;16,9769840848851;NaN;5,9519353870663;3,66805101161252;699,953896142913;708,515793194914;622,516962389209;44,2088536244745;45,4632946986705;76,3644312895638;672,957929115597;760,583539517612;167,40009778331;883,182928225217;NaN;4;0;0;31;31;0;374500;7,43801776452166;402,4387914596;304,576817378872;89,7959183673469
49;15,90093108356;16,9943440572824;NaN;5,90630425050134;3,59463701420464;648,534565728433;680,652008055101;610,507185339124;38,1056980625726;45,6941033467256;76,3022366566829;803,862663140343;707,60665142066;164,619006317673;456,114327466553;NaN;8;2;0;31;31;0;374500;11,6735917902838;396,94639405742;279,914128951875;83,7837837837838
50;16,1536696964528;17,0782247482778;NaN;5,68259975645277;3,1858505936236;684,26833011422;610,800377772124;658,12060613739;43,8649567671948;47,4888662757352;74,5548200506815;1030,64004475721;737,960165510898;173,924052423229;464,246938730487;NaN;6;0;0;27;27;0;325500;1,68755139478398;467,301096219644;292,883297660814;95,2
51;15,9267161504236;17,0925516248681;NaN;6,34851616219832;3,56560223723332;613,51065105185;585,078934323629;650,863155818341;43,138351688228;44,5435433428631;71,9356885084294;789,222064026548;714,588351967007;145,958756786891;NaN;NaN;8;2;0;26;26;0;318500;14,2388493693543;472,534325779835;288,765307930074;89,2561983471074
52;16,0651634469163;16,9000837080096;NaN;5,86240578950806;3,56482400171543;688,093560440595;629,030324666515;617,103783117023;40,0712427249628;50,3722052843659;75,0952611916306;NaN;744,097469250556;159,594299378411;NaN;NaN;6;8;0;33;33;0;404250;10,4258195547993;408,780279364113;278,914687081512;84,1772151898734
53;16,1571816664211;17,0261652555359;NaN;5,70427072075782;3,63590804645274;655,022786146325;625,876272420344;622,665610106165;46,5680588495273;44,3803566807988;75,0325089368332;640,743985291819;631,793017708935;188,546737403976;440,342761931095;NaN;4;1;0;27;27;0;330750;4,62068834345243;469,130806800749;274,242881438353;94,6564885496183
54;15,7797519138202;17,0142876289367;NaN;5,10616833940148;3,52182957483456;619,275625193751;647,361641861553;655,713838924886;41,4463482431269;44,1430609639631;72,7041311888024;824,000019996761;722,617429537675;166,318742376172;519,146151163091;NaN;8;3;0;30;30;0;355250;9,0002870637221;429,599921017189;294,688210479972;89,051094890511
55;15,996357931074;16,912970256147;NaN;5,56406454597082;3,64418668493939;625,448618222432;642,328757543999;725,600794436159;38,916058250992;48,4540495801717;75,4831789076949;861,695185239611;710,076913088855;175,329529426114;923,643104997154;NaN;3;1;0;27;27;0;330750;20,9321793361557;461,408307530057;307,357403526289;87,6923076923077
56;15,860947569157;17,0311065123173;NaN;5,50909977704287;3,51577215315774;617,547545924945;621,406076184166;641,854829492872;39,032221552113;47,1385097354113;72,7495192665313;NaN;710,197547274588;180,787785075176;NaN;NaN;3;4;0;25;25;0;306250;3,20046714031415;468,036695005876;272,821330680215;92,5
57;15,9782958705289;16,8683302041262;NaN;5,37948685106156;3,61837644041017;577,575408699946;691,538805565424;591,214850660636;41,1757876413564;43,8190653862798;73,4400353603996;937,598515103953;694,983318684041;174,947511417791;315,694861622686;NaN;1;1;0;28;28;0;343000;2,2152975856845;420,485689601161;281,849118265483;92,7007299270073
58;15,9868068965585;17,0122339283333;NaN;7,13677444460767;3,36642759942657;635,614737257407;636,048463161582;560,828413598855;40,7967659235666;48,2304197369143;72,7447097499389;699,916511317904;746,708859880207;154,718665414182;1043,58600977622;NaN;10;1;0;27;27;0;318500;10,3674430478973;465,787489181442;300,163336916926;92,9133858267717
59;15,9391073124635;16,9939004800222;NaN;5,75767082787518;3,50077217045639;572,101881994809;620,067551426232;637,76538519178;40,2139817984325;43,5833268322416;77,6733169665871;696,08206460214;689,832327323787;169,390194110565;679,559367892251;NaN;5;1;0;28;28;0;337750;4,72584571242962;437,95756127975;278,934029140472;92,3664122137405
60;16,0436975155836;16,8518866823312;NaN;6,93268244946375;3,23798164993059;672,011896560964;656,833077491908;667,286728109331;38,2892011587733;44,4548117981937;79,143630687225;1071,67705361198;662,904820081377;159,451619970684;760,662259512922;NaN;2;1;0;28;28;0;343000;5,74795276644623;495,279204988352;273,347216588543;91,7910447761194
61;16,0166971914059;16,8729476929953;NaN;5,89306720573869;3,33028215850289;599,638025286717;614,112211914095;662,163019065405;39,4662096492689;41,4436645252662;78,2797381995867;NaN;614,771158570443;188,777254396536;452,508349025696;NaN;4;0;0;27;27;0;330750;0,0539361428642504;494,700834856601;264,05573866915;99,21875
62;16,0760120594996;17,0449035784547;NaN;6,21201355909479;3,46570880120973;600,929212719228;646,449309857469;570,147447720813;40,6792436107727;46,4087958727032;74,7920280126365;947,47617490226;667,371957303822;156,226166902812;NaN;NaN;4;1;0;29;29;0;350000;20,9558826851865;447,914483270006;278,086707640661;79,7101449275362
63;16,0489770553489;17,0345998120474;NaN;5,79101504212053;3,52458488526112;606,005904231473;613,27550030835;665,217965916329;37,6609998034934;43,6740153911524;74,8203979673174;1274,65623394229;724,751805116398;163,891718239393;920,737090121716;NaN;3;0;0;29;29;0;343000;6,71553474868933;431,187210339894;295,329977076323;88,4057971014493
64;16,0938905762192;17,0786536776078;NaN;6,31205203322073;3,54740870803256;636,695204310593;678,523030450095;644,122177342567;39,3793147117166;48,3346734551713;73,9285756605922;NaN;710,169996847923;183,443840181102;457,051619055994;NaN;4;1;0;33;33;0;404250;4,74666341709199;396,567888209779;276,544298449915;93,0379746835443
65;15,9615906122845;17,0042844187384;NaN;5,86893174762803;3,53904197453004;617,244051405005;642,873806117483;625,100865520184;37,2581300027026;44,4926424650475;75,0282920535507;NaN;731,233572993927;195,603118339929;564,121112082336;NaN;5;0;0;27;27;0;325500;5,85521650624913;471,268854856162;287,250079197492;93,7007874015748
66;15,935506747904;16,9385578916111;NaN;5,25471300259233;3,31865244360441;580,03873069616;556,548195748244;610,934577191411;37,110450160239;44,5094262513643;75,5121630403262;711,851293473967;727,156933965286;150,667805459946;NaN;NaN;6;0;0;28;28;0;343000;6,62889800238774;438,568569615365;274,868656306404;93,3823529411765
67;15,978943069263;16,9829172909085;NaN;5,75323672669715;3,50917450135477;615,958551261877;667,295983112312;615,185521152733;42,7297679817787;43,1217721966927;77,2488581730674;NaN;698,24282625975;154,081471157057;941,308853881161;NaN;4;2;0;29;29;0;355250;1,96117304631535;452,296367201599;274,360246347314;93,3823529411765
68;16,1566604825753;16,897884480888;NaN;6,10011338371345;3,32816961096764;612,781616170477;638,646465868593;596,792640048856;39,1165493370901;43,22319128825;77,6549067891513;NaN;736,479312694045;180,854159315411;898,429975739956;NaN;3;6;0;34;34;0;411250;24,8319866235771;386,651958547872;292,574597079312;78,343949044586
69;16,175060467153;17,0647793819425;NaN;6,25309484209865;3,40500455342699;591,216769584403;674,63878629592;610,49126596239;38,402064954862;44,7393015001176;71,329651162494;652,010975863192;752,925228237934;139,917477628988;789,881403130484;NaN;4;3;0;30;30;0;355250;11,8099373479493;416,954738927011;303,15986531463;85,6115107913669
70;15,9981052460428;16,9669075341931;NaN;6,29317524187988;3,36808383545177;578,608067169897;690,057353616343;676,637156198021;39,7714657363083;45,865088687537;77,9177266638726;NaN;718,380094761843;161,933676521928;479,154673211908;NaN;2;0;0;31;31;0;379750;5,62789631739979;385,803020891848;274,467267844759;91,2751677852349
71;15,8836996485257;17,1504297912845;NaN;6,57454416521692;3,28701651592772;628,720459396404;600,636218105921;704,488359644064;37,104959070993;45,4832557600457;75,1055853258974;761,456401434873;738,263263658309;190,738996872634;697,216987906366;NaN;4;3;0;28;28;0;337750;11,4411123547363;420,332391797131;298,965017530307;85,6060606060606
72;16,0281032359331;16,9596693495863;NaN;5,6456176043222;3,68270873720758;646,84002953784;598,478523158896;689,367322703622;40,2715068487129;45,7505659513677;75,5952857411467;887,185563985073;703,253436300094;176,067889787747;749,202349969222;NaN;1;3;0;28;28;0;337750;5,75861536859035;408,37889572536;285,312240208676;94,7368421052632
73;15,8628427165095;16,9764338159383;NaN;5,29291242149969;3,35502648872789;694,647262260329;654,109553092622;593,122093090164;42,803325816575;44,5665831554932;76,3899330053429;1092,32911678061;705,863598198436;161,990116541772;NaN;NaN;4;0;0;30;30;0;362250;13,1200282349613;432,895892338678;278,81655451862;81,25
74;15,8797924526605;16,9315204816674;NaN;5,24971377979154;3,25280399146773;650,966999648194;653,998822951627;576,455223690748;38,2263066150762;46,939401622396;76,0501952719335;896,027265896981;728,055505680938;159,246623383971;743,959628718191;NaN;3;4;0;23;23;0;281750;3,25721767322498;488,497101569909;303,95007224643;95,3271028037383
75;16,0172393592168;16,8649341481863;NaN;6,09816746341605;3,46347915453296;621,885916837388;636,442893131708;627,636677210624;40,9918004942925;44,7713754240734;73,4160427276143;908,410965723408;754,236324673866;167,923614417059;442,883781308434;NaN;3;1;0;31;31;0;379750;7,10329316350825;408,833894583978;287,810237386581;87,6712328767123
76;15,7939850152145;17,0368704159892;NaN;5,53880904442989;3,55216789954843;626,72614911215;685,730602708775;658,211294934328;43,9151617762848;42,8222390409145;76,9264156456726;557,780189086778;748,408448941672;211,356665895351;989,275068827606;NaN;3;2;0;26;26;0;318500;6,31437761702724;477,783479630219;295,411744094471;90,3225806451613
77;16,1311081340376;16,9539706550728;NaN;5,96211502245731;3,24713249056367;655,000134442911;610,985876707509;689,987846515935;44,5203091783656;48,5567942267284;74,9425639569138;1044,45913045578;725,096102709774;138,475122126912;NaN;NaN;3;4;0;36;36;0;435750;11,1586860811447;406,333585674214;271,586291791476;87,0588235294118
78;16,056664645729;16,9815450321915;NaN;5,81139523184725;3,43607307319928;573,327663818907;639,772662634969;605,515442288882;39,503317259509;45,8645749224039;74,2251129499882;729,165489029994;716,099825956521;176,497158441949;795,407933178244;NaN;4;5;0;35;35;0;428750;12,8864877474859;375,40810909022;290,754439497197;83,2335329341317
79;15,9188608787464;16,8171793242916;NaN;5,7577194517944;3,65564493698184;595,862264538177;578,643374019284;658,681156623268;39,2834912206357;44,2116347283849;75,4501151992008;709,88134138043;729,595549381452;166,505061119203;NaN;NaN;2;2;0;24;24;0;294000;3,43518499053921;486,0802469347;287,456478100091;92,8571428571429
80;15,8889029590462;17,0883571014041;NaN;6,17558605689555;3,57188983730157;629,688382201155;678,525400496722;651,5566444539;41,4134457096871;44,3028402703607;75,2802339550353;549,241020034266;648,091460880329;145,486746744452;NaN;NaN;6;1;0;24;24;0;294000;0,953109715422493;486,20422581585;260,891870189453;97,3214285714286
81;15,9331090253778;16,901662617706;NaN;5,724778842628;3,54689975391142;643,495441530358;669,423722759599;677,464954182511;41,7693918619167;43,205407453287;73,1969828653689;667,899684046561;719,131971335899;170,623400034168;NaN;NaN;5;5;0;25;25;0;306250;0,714473553652954;472,105185256115;285,912587005792;97,5
82;16,1028804923191;16,8757611771839;NaN;6,24273236627104;3,44753891302066;673,307274550358;630,889663335565;612,741873438395;39,1171071103549;43,35391183536;75,1572658258833;683,262477269468;713,958802386652;175,751088698746;866,279624648958;NaN;2;2;0;27;27;0;330750;7,9494015700103;443,638266770656;294,001187236904;87,6923076923077
83;16,054293613891;16,9212105877814;NaN;5,98500836492869;3,53263722267002;634,818544174205;592,408316412706;656,861279409937;40,7005442650025;43,8122888732081;76,6088695086849;439,50108179731;699,775267101659;165,052161773002;728,032082971269;NaN;6;3;0;29;29;0;350000;1,56620452174812;457,717610058013;274,571467577318;97,7941176470588
84;15,8629502172463;17,032479934879;NaN;5,47366587483677;3,16588959388499;651,761173553746;687,855362209763;668,720583214776;40,6630276978292;46,6281511234299;74,6589433219439;437,29021142137;674,61923812663;180,696647907868;931,427400056598;NaN;0;2;0;29;29;0;355250;8,96956776939953;458,614195035314;277,980282940659;89,2086330935252
85;16,0765583314735;16,9496660567535;NaN;6,76844180882748;3,62897701949234;672,944552878424;599,013019655569;609,121230522737;39,9952529891041;45,0721781822638;73,5587634508939;725,563947016489;683,979869171906;128,253093968133;NaN;NaN;1;2;0;29;29;0;350000;10,79715142438;397,798113139713;274,246348038366;84,4444444444444
86;16,0204186738096;16,9509644957635;NaN;6,21569059897334;3,59312102182828;656,383809014258;651,146488028566;656,722469577169;38,0409524692544;42,905901402442;71,8210120214836;1040,50561482594;681,858769306621;169,831002205737;645,713750303271;NaN;3;4;0;31;31;0;374500;3,92276881585611;441,714638924832;270,609318428696;91,2162162162162
87;16,0561219315935;17,0049105528544;NaN;5,95790611156102;3,54626613414589;648,719987160068;586,200031148275;683,110735044201;39,2636138734718;43,3504109245001;75,0501330402524;NaN;731,729401572032;182,246721056719;1039,38431355215;NaN;0;3;0;29;29;0;343000;5,38471371865904;448,533507482819;278,95948212362;90,2985074626866
88;15,9112448828453;17,0166281574056;NaN;6,00663487459051;3,58296472314296;646,340559160644;622,087309285653;569,651477674932;39,323228048803;44,878719443133;75,5767417434407;463,665933762383;690,131443900064;152,585145919446;567,960935656814;NaN;4;2;0;29;29;0;355250;4,31660023742218;432,419395669975;270,643335738281;93,4306569343066
89;16,1296019697527;17,0706880180933;NaN;5,47175350664731;3,2465722076184;611,947516012339;585,758983965319;723,112076831206;41,5889338436055;45,0264284997765;73,3754593549141;734,963853360281;712,293608306196;197,113650454455;816,309407041066;NaN;3;1;0;34;34;0;411250;14,0319953948476;401,204286169484;303,769068048775;85,0931677018634
90;15,9097778130957;16,9348096015711;NaN;5,86458460016754;3,52337920615161;632,089071443325;649,267192874246;608,813349053437;44,410073390732;45,0563656972148;78,7867436980984;321,179446516115;701,079507149657;172,071217294298;805,500035773625;NaN;5;0;0;29;29;0;355250;12,8792896801259;448,482018622898;285,55212842278;92,0289855072464
91;16,1212384287617;17,0884787874773;NaN;6,78644644798568;3,48918827532683;669,489681596969;699,154213934588;706,771219029628;41,5504463427459;42,6018570676549;78,1652594877717;744,627665411776;776,392483409124;150,803469719776;NaN;NaN;1;1;0;26;26;0;313250;8,59599896841126;424,938874306503;294,010123200226;88,28125
92;15,9716331137461;16,996576446929;NaN;4,98475721426308;3,27971105518751;651,135770980585;674,030445731919;682,637745214645;35,2112949993461;45,1283481238911;76,0999044519849;653,140363296566;706,139270856709;162,15260588752;NaN;NaN;3;2;0;25;25;0;306250;2,54713277839802;463,393440430267;277,471924234448;94,1176470588235
93;16,1187842597812;17,0377265384707;NaN;6,22235392598856;3,59087794542974;593,901926620832;608,784288691988;680,004074779921;38,2364967241883;44,702167819875;75,8452897095897;1065,21731067628;695,318523463956;163,853582854477;733,831482930235;NaN;4;1;0;31;31;0;379750;15,6073709300075;413,11503859599;294,808144923469;84,5637583892617
94;15,9944685161179;16,8547161550113;NaN;6,11958416834198;3,76917240416838;628,303909480381;636,720706021514;599,837636968049;41,4519266428293;44,5486817987532;73,2001899884965;880,164237700589;763,89739149857;170,776107111654;776,047515953562;NaN;4;1;0;27;27;0;325500;8,22713146916682;454,416936433107;291,20807688238;92,0634920634921
95;16,0375796856935;16,941919520487;NaN;6,5110754430708;3,26643601453139;628,058900122689;639,738339602563;659,977621210644;36,4999388394256;46,6278847070554;76,5949961585769;739,845462366565;728,636774718926;177,876474080489;729,850763393619;NaN;4;2;0;27;27;0;330750;6,24121370580928;483,870692478952;295,044984883963;88,28125
96;16,1080032550665;16,9628843592376;NaN;5,81602987467691;3,35323229670111;603,621741835835;639,919004692507;686,783606511639;39,117464031703;47,2227330389433;79,4849905635541;NaN;698,282607881798;142,919899378314;NaN;NaN;0;5;0;27;27;0;330750;1,95568868368892;466,293477560848;259,941725566697;94,5736434108527
97;15,934465719515;17,142062980379;NaN;6,78979801386595;3,49477229226613;640,983077108963;672,599426396472;630,498083547756;41,2205251454617;46,2151689217605;73,0102304180496;695,934150913974;739,917907808236;163,304912303225;717,230674455548;NaN;9;0;0;24;24;0;294000;2,29320008264701;456,64530654198;297,202693724331;93,8053097345133
98;16,05652596667;17,0034914642394;NaN;6,58395452185401;3,7748103780489;621,99863814254;668,978607890831;604,640873382381;38,1682987726326;42,7267574529267;75,2953021567756;903,971464258271;677,060471868033;143,620058582575;532,232065722465;NaN;2;0;0;28;28;0;343000;10,7623871963652;456,468944568301;287,49568417559;90,1515151515152
99;16,0115385212004;17,0844751294991;NaN;6,34557358533144;3,64303696016781;664,680094055851;652,704582602366;651,753093057994;39,702288561301;47,2522568559274;77,1887273368581;1059,71989994049;760,235871165913;166,746277292513;NaN;NaN;6;2;0;25;25;0;306250;6,87517866678138;458,116971975775;284,765746217045;85
100;16,0089604252661;17,1868443862225;NaN;5,20829387602431;3,72060507691155;639,191760056632;654,076217645132;723,151887840744;39,4576276951869;45,2776781910171;76,7004367949751;816,869245388297;750,50356719158;202,040607517802;619,853096142532;NaN;3;3;0;27;27;0;330750;11,4190356315274;418,978892000504;303,13714775528;89,922480620155
